"id","code","description","division/id","hierarchy","parent/id","section/id","hasDivision","hasParent","hasSection"
"ciiu.1","SECCIÓN A","AGRICULTURA, GANADERÍA, CAZA, SILVICULTURA Y PESCA",,,,,"False","False","False"
"ciiu.01",1,"Agricultura, ganadería, caza y actividades de servicios conexas ",,,,"ciiu.1","False","False","True"
"ciiu.011",11,"Cultivos agrícolas transitorios ","ciiu.01",,,,"True","False","False"
"ciiu.0111",111,"Cultivo de cereales (excepto arroz), legumbres y semillas oleaginosas ",,,"ciiu.011",,"False","True","False"
"ciiu.0112",112,"Cultivo de arroz ",,,"ciiu.011",,"False","True","False"
"ciiu.0113",113,"Cultivo de hortalizas, raíces y tubérculos ",,,"ciiu.011",,"False","True","False"
"ciiu.0114",114,"Cultivo de tabaco ",,,"ciiu.011",,"False","True","False"
"ciiu.0115",115,"Cultivo de plantas textiles ",,,"ciiu.011",,"False","True","False"
"ciiu.0119",119,"Otros cultivos transitorios n.c.p.",,,"ciiu.011",,"False","True","False"
"ciiu.012",12,"Cultivos agrícolas permanentes ","ciiu.01",,,,"True","False","False"
"ciiu.0121",121,"Cultivo de frutas tropicales y subtropicales",,,"ciiu.012",,"False","True","False"
"ciiu.0122",122,"Cultivo de plátano y banano",,,"ciiu.012",,"False","True","False"
"ciiu.0123",123,"Cultivo de café",,,"ciiu.012",,"False","True","False"
"ciiu.0124",124,"Cultivo de caña de azúcar",,,"ciiu.012",,"False","True","False"
"ciiu.0125",125,"Cultivo de flor de corte",,,"ciiu.012",,"False","True","False"
"ciiu.0126",126,"Cultivo de palma para aceite (palma africana) y otros frutos oleaginosos",,,"ciiu.012",,"False","True","False"
"ciiu.0127",127,"Cultivo de plantas con las que se preparan bebidas",,,"ciiu.012",,"False","True","False"
"ciiu.0128",128,"Cultivo de especias y de plantas aromáticas y medicinales ",,,"ciiu.012",,"False","True","False"
"ciiu.0129",129,"Otros cultivos permanentes n.c.p.",,,"ciiu.012",,"False","True","False"
"ciiu.013",13,"Propagación de plantas (actividades de los viveros, excepto viveros forestales) ","ciiu.01",,,,"True","False","False"
"ciiu.0130",130,"Propagación de plantas (actividades de los viveros, excepto viveros forestales) ",,,"ciiu.013",,"False","True","False"
"ciiu.014",14,"Ganadería ","ciiu.01",,,,"True","False","False"
"ciiu.0141",141,"Cría de ganado bovino y bufalino",,,"ciiu.014",,"False","True","False"
"ciiu.0142",142,"Cría de caballos y otros equinos ",,,"ciiu.014",,"False","True","False"
"ciiu.0143",143,"Cría de ovejas y cabras ",,,"ciiu.014",,"False","True","False"
"ciiu.0144",144,"Cría de ganado porcino",,,"ciiu.014",,"False","True","False"
"ciiu.0145",145,"Cría de aves de corral",,,"ciiu.014",,"False","True","False"
"ciiu.0149",149,"Cría de otros animales n.c.p.",,,"ciiu.014",,"False","True","False"
"ciiu.015",15,"Explotación mixta (agrícola y pecuaria) ","ciiu.01",,,,"True","False","False"
"ciiu.0150",150,"Explotación mixta (agrícola y pecuaria) ",,,"ciiu.015",,"False","True","False"
"ciiu.016",16,"Actividades de apoyo a la agricultura y la ganadería, y actividades posteriores a la cosecha ","ciiu.01",,,,"True","False","False"
"ciiu.0161",161,"Actividades de apoyo a la agricultura ",,,"ciiu.016",,"False","True","False"
"ciiu.0162",162,"Actividades de apoyo a la ganadería",,,"ciiu.016",,"False","True","False"
"ciiu.0163",163,"Actividades posteriores a la cosecha ",,,"ciiu.016",,"False","True","False"
"ciiu.0164",164,"Tratamiento de semillas para propagación ",,,"ciiu.016",,"False","True","False"
"ciiu.017",17,"Caza ordinaria y mediante trampas y actividades de servicios conexas ","ciiu.01",,,,"True","False","False"
"ciiu.0170",170,"Caza ordinaria y mediante trampas y actividades de servicios conexas ",,,"ciiu.017",,"False","True","False"
"ciiu.02",2,"Silvicultura y extracción de madera",,,,"ciiu.1","False","False","True"
"ciiu.021",21,"Silvicultura y otras actividades forestales","ciiu.02",,,,"True","False","False"
"ciiu.0210",210,"Silvicultura y otras actividades forestales",,,"ciiu.021",,"False","True","False"
"ciiu.022",22,"Extracción de madera ","ciiu.02",,,,"True","False","False"
"ciiu.0220",220,"Extracción de madera ",,,"ciiu.022",,"False","True","False"
"ciiu.023",23,"Recolección de productos forestales diferentes a la madera","ciiu.02",,,,"True","False","False"
"ciiu.0230",230,"Recolección de productos forestales diferentes a la madera",,,"ciiu.023",,"False","True","False"
"ciiu.024",24,"Servicios de apoyo a la silvicultura ","ciiu.02",,,,"True","False","False"
"ciiu.0240",240,"Servicios de apoyo a la silvicultura ",,,"ciiu.024",,"False","True","False"
"ciiu.03",3,"Pesca y acuicultura",,,,"ciiu.1","False","False","True"
"ciiu.031",31,"Pesca ","ciiu.03",,,,"True","False","False"
"ciiu.0311",311,"Pesca marítima ",,,"ciiu.031",,"False","True","False"
"ciiu.0312",312,"Pesca de agua dulce ",,,"ciiu.031",,"False","True","False"
"ciiu.032",32,"Acuicultura ","ciiu.03",,,,"True","False","False"
"ciiu.0321",321,"Acuicultura marítima ",,,"ciiu.032",,"False","True","False"
"ciiu.0322",322,"Acuicultura de agua dulce",,,"ciiu.032",,"False","True","False"
"ciiu.2","SECCIÓN B","EXPLOTACIÓN DE MINAS Y CANTERAS",,,,,"False","False","False"
"ciiu.05",5,"Extracción de carbón de piedra y lignito",,,,"ciiu.2","False","False","True"
"ciiu.051",51,"Extracción de hulla (carbón de piedra)","ciiu.05",,,,"True","False","False"
"ciiu.0510",510,"Extracción de hulla (carbón de piedra)",,,"ciiu.051",,"False","True","False"
"ciiu.052",52,"Extracción de carbón lignito","ciiu.05",,,,"True","False","False"
"ciiu.0520",520,"Extracción de carbón lignito",,,"ciiu.052",,"False","True","False"
"ciiu.06",6,"Extracción de petróleo crudo y gas natural",,,,"ciiu.2","False","False","True"
"ciiu.061",61,"Extracción de petróleo crudo","ciiu.06",,,,"True","False","False"
"ciiu.0610",610,"Extracción de petróleo crudo",,,"ciiu.061",,"False","True","False"
"ciiu.062",62,"Extracción de gas natural","ciiu.06",,,,"True","False","False"
"ciiu.0620",620,"Extracción de gas natural",,,"ciiu.062",,"False","True","False"
"ciiu.07",7,"Extracción de minerales metalíferos",,,,"ciiu.2","False","False","True"
"ciiu.071",71,"Extracción de minerales de hierro","ciiu.07",,,,"True","False","False"
"ciiu.0710",710,"Extracción de minerales de hierro",,,"ciiu.071",,"False","True","False"
"ciiu.072",72,"Extracción de minerales metalíferos no ferrosos","ciiu.07",,,,"True","False","False"
"ciiu.0721",721,"Extracción de minerales de uranio y de torio",,,"ciiu.072",,"False","True","False"
"ciiu.0722",722,"Extracción de oro y otros metales preciosos",,,"ciiu.072",,"False","True","False"
"ciiu.0723",723,"Extracción de minerales de níquel",,,"ciiu.072",,"False","True","False"
"ciiu.0729",729,"Extracción de otros minerales metalíferos no ferrosos n.c.p.",,,"ciiu.072",,"False","True","False"
"ciiu.08",8,"Extracción de otras minas y canteras",,,,"ciiu.2","False","False","True"
"ciiu.081",81,"Extracción de piedra, arena, arcillas, cal, yeso, caolín, bentonitas y similares","ciiu.08",,,,"True","False","False"
"ciiu.0811",811,"Extracción de piedra, arena, arcillas comunes, yeso y anhidrita",,,"ciiu.081",,"False","True","False"
"ciiu.0812",812,"Extracción de arcillas de uso industrial, caliza, caolín y bentonitas",,,"ciiu.081",,"False","True","False"
"ciiu.082",82,"Extracción de esmeraldas, piedras preciosas y semipreciosas","ciiu.08",,,,"True","False","False"
"ciiu.0820",820,"Extracción de esmeraldas, piedras preciosas y semipreciosas",,,"ciiu.082",,"False","True","False"
"ciiu.089",89,"Extracción de otros minerales no metálicos n.c.p.","ciiu.08",,,,"True","False","False"
"ciiu.0891",891,"Extracción de minerales para la fabricación de abonos y productos químicos",,,"ciiu.089",,"False","True","False"
"ciiu.0892",892,"Extracción de halita (sal)",,,"ciiu.089",,"False","True","False"
"ciiu.0899",899,"Extracción de otros minerales no metálicos n.c.p.",,,"ciiu.089",,"False","True","False"
"ciiu.09",9,"Actividades de servicios de apoyo para la explotación de minas ",,,,"ciiu.2","False","False","True"
"ciiu.091",91,"Actividades de apoyo para la extracción de petróleo y de gas natural","ciiu.09",,,,"True","False","False"
"ciiu.0910",910,"Actividades de apoyo para la extracción de petróleo y de gas natural",,,"ciiu.091",,"False","True","False"
"ciiu.099",99,"Actividades de apoyo para otras actividades de explotación de minas y canteras","ciiu.09",,,,"True","False","False"
"ciiu.0990",990,"Actividades de apoyo para otras actividades de explotación de minas y canteras",,,"ciiu.099",,"False","True","False"
"ciiu.3","SECCIÓN C","INDUSTRIAS MANUFACTURERAS",,,,,"False","False","False"
"ciiu.22",22,"Fabricación de productos de caucho y de plástico",,,,"ciiu.3","False","False","True"
"ciiu.221",221,"Fabricación de productos de caucho","ciiu.22",,,,"True","False","False"
"ciiu.2211",2211,"Fabricación de llantas y neumáticos de caucho",,,"ciiu.221",,"False","True","False"
"ciiu.2212",2212,"Reencauche de llantas usadas",,,"ciiu.221",,"False","True","False"
"ciiu.2219",2219,"Fabricación de formas básicas de caucho y otros productos de caucho n.c.p.",,,"ciiu.221",,"False","True","False"
"ciiu.222",222,"Fabricación de productos de plástico","ciiu.22",,,,"True","False","False"
"ciiu.2221",2221,"Fabricación de formas básicas de plástico",,,"ciiu.222",,"False","True","False"
"ciiu.2229",2229,"Fabricación de artículos de plástico n.c.p.",,,"ciiu.222",,"False","True","False"
"ciiu.23",23,"Fabricación de otros productos minerales no metálicos",,,,"ciiu.3","False","False","True"
"ciiu.231",231,"Fabricación de vidrio y productos de vidrio","ciiu.23",,,,"True","False","False"
"ciiu.2310",2310,"Fabricación de vidrio y productos de vidrio",,,"ciiu.231",,"False","True","False"
"ciiu.239",239,"Fabricación de productos minerales no metálicos n.c.p.","ciiu.23",,,,"True","False","False"
"ciiu.2391",2391,"Fabricación de productos refractarios",,,"ciiu.239",,"False","True","False"
"ciiu.2392",2392,"Fabricación de materiales de arcilla para la construcción",,,"ciiu.239",,"False","True","False"
"ciiu.2393",2393,"Fabricación de otros productos de cerámica y porcelana",,,"ciiu.239",,"False","True","False"
"ciiu.2394",2394,"Fabricación de cemento, cal y yeso",,,"ciiu.239",,"False","True","False"
"ciiu.2395",2395,"Fabricación de artículos de hormigón, cemento y yeso",,,"ciiu.239",,"False","True","False"
"ciiu.2396",2396,"Corte, tallado y acabado de la piedra",,,"ciiu.239",,"False","True","False"
"ciiu.2399",2399,"Fabricación de otros productos minerales no metálicos n.c.p.",,,"ciiu.239",,"False","True","False"
"ciiu.24",24,"Fabricación de productos metalúrgicos básicos",,,,"ciiu.3","False","False","True"
"ciiu.241",241,"Industrias básicas de hierro y de acero","ciiu.24",,,,"True","False","False"
"ciiu.2410",2410,"Industrias básicas de hierro y de acero",,,"ciiu.241",,"False","True","False"
"ciiu.242",242,"Industrias básicas de metales preciosos y de metales no ferrosos","ciiu.24",,,,"True","False","False"
"ciiu.2421",2421,"Industrias básicas de metales preciosos",,,"ciiu.242",,"False","True","False"
"ciiu.2429",2429,"Industrias básicas de otros metales no ferrosos",,,"ciiu.242",,"False","True","False"
"ciiu.243",243,"Fundición de metales","ciiu.24",,,,"True","False","False"
"ciiu.2431",2431,"Fundición de hierro y de acero",,,"ciiu.243",,"False","True","False"
"ciiu.2432",2432,"Fundición de metales no ferrosos ",,,"ciiu.243",,"False","True","False"
"ciiu.25",25,"Fabricación de productos elaborados de metal, excepto maquinaria y equipo",,,,"ciiu.3","False","False","True"
"ciiu.251",251,"Fabricación de productos metálicos para uso estructural, tanques, depósitos y generadores de vapor","ciiu.25",,,,"True","False","False"
"ciiu.2511",2511,"Fabricación de productos metálicos para uso estructural",,,"ciiu.251",,"False","True","False"
"ciiu.2512",2512,"Fabricación de tanques, depósitos y recipientes de metal, excepto los utilizados para el envase o transporte de mercancías",,,"ciiu.251",,"False","True","False"
"ciiu.2513",2513,"Fabricación de generadores de vapor, excepto calderas de agua caliente para calefacción central",,,"ciiu.251",,"False","True","False"
"ciiu.252",252,"Fabricación de armas y municiones","ciiu.25",,,,"True","False","False"
"ciiu.2520",2520,"Fabricación de armas y municiones",,,"ciiu.252",,"False","True","False"
"ciiu.259",259,"Fabricación de otros productos elaborados de metal y actividades de servicios relacionadas con el trabajo de metales","ciiu.25",,,,"True","False","False"
"ciiu.2591",2591,"Forja, prensado, estampado y laminado de metal; pulvimetalurgia",,,"ciiu.259",,"False","True","False"
"ciiu.2592",2592,"Tratamiento y revestimiento de metales; mecanizado",,,"ciiu.259",,"False","True","False"
"ciiu.2593",2593,"Fabricación de artículos de cuchillería, herramientas de mano y artículos de ferretería",,,"ciiu.259",,"False","True","False"
"ciiu.2599",2599,"Fabricación de otros productos elaborados de metal n.c.p.",,,"ciiu.259",,"False","True","False"
"ciiu.26",26,"Fabricación de productos informáticos, electrónicos y ópticos",,,,"ciiu.3","False","False","True"
"ciiu.261",261,"Fabricación de componentes y tableros electrónicos","ciiu.26",,,,"True","False","False"
"ciiu.2610",2610,"Fabricación de componentes y tableros electrónicos",,,"ciiu.261",,"False","True","False"
"ciiu.262",262,"Fabricación de computadoras y de equipo periférico","ciiu.26",,,,"True","False","False"
"ciiu.2620",2620,"Fabricación de computadoras y de equipo periférico",,,"ciiu.262",,"False","True","False"
"ciiu.263",263,"Fabricación de equipos de comunicación","ciiu.26",,,,"True","False","False"
"ciiu.2630",2630,"Fabricación de equipos de comunicación",,,"ciiu.263",,"False","True","False"
"ciiu.264",264,"Fabricación de aparatos electrónicos de consumo","ciiu.26",,,,"True","False","False"
"ciiu.2640",2640,"Fabricación de aparatos electrónicos de consumo",,,"ciiu.264",,"False","True","False"
"ciiu.265",265,"Fabricación de equipo de medición, prueba, navegación y control; fabricación de relojes","ciiu.26",,,,"True","False","False"
"ciiu.2651",2651,"Fabricación de equipo de medición, prueba, navegación y control",,,"ciiu.265",,"False","True","False"
"ciiu.2652",2652,"Fabricación de relojes",,,"ciiu.265",,"False","True","False"
"ciiu.266",266,"Fabricación de equipo de irradiación y equipo electrónico de uso médico y terapéutico","ciiu.26",,,,"True","False","False"
"ciiu.2660",2660,"Fabricación de equipo de irradiación y equipo electrónico de uso médico y terapéutico",,,"ciiu.266",,"False","True","False"
"ciiu.267",267,"Fabricación de instrumentos ópticos y equipo fotográfico","ciiu.26",,,,"True","False","False"
"ciiu.2670",2670,"Fabricación de instrumentos ópticos y equipo fotográfico",,,"ciiu.267",,"False","True","False"
"ciiu.268",268,"Fabricación de medios magnéticos y ópticos para almacenamiento de datos","ciiu.26",,,,"True","False","False"
"ciiu.2680",2680,"Fabricación de medios magnéticos y ópticos para almacenamiento de datos",,,"ciiu.268",,"False","True","False"
"ciiu.27",27,"Fabricación de aparatos y equipo eléctrico",,,,"ciiu.3","False","False","True"
"ciiu.271",271,"Fabricación de motores, generadores y transformadores eléctricos y de aparatos de distribución y control de la energía eléctrica","ciiu.27",,,,"True","False","False"
"ciiu.2711",2711,"Fabricación de motores, generadores y transformadores eléctricos",,,"ciiu.271",,"False","True","False"
"ciiu.2712",2712,"Fabricación de aparatos de distribución y control de la energía eléctrica",,,"ciiu.271",,"False","True","False"
"ciiu.272",272,"Fabricación de pilas, baterías y acumuladores eléctricos","ciiu.27",,,,"True","False","False"
"ciiu.2720",2720,"Fabricación de pilas, baterías y acumuladores eléctricos",,,"ciiu.272",,"False","True","False"
"ciiu.273",273,"Fabricación de hilos y cables aislados y sus dispositivos","ciiu.27",,,,"True","False","False"
"ciiu.2731",2731,"Fabricación de hilos y cables eléctricos y de fibra óptica",,,"ciiu.273",,"False","True","False"
"ciiu.2732",2732,"Fabricación de dispositivos de cableado",,,"ciiu.273",,"False","True","False"
"ciiu.274",274,"Fabricación de equipos eléctricos de iluminación","ciiu.27",,,,"True","False","False"
"ciiu.2740",2740,"Fabricación de equipos eléctricos de iluminación",,,"ciiu.274",,"False","True","False"
"ciiu.275",275,"Fabricación de aparatos de uso doméstico","ciiu.27",,,,"True","False","False"
"ciiu.2750",2750,"Fabricación de aparatos de uso doméstico",,,"ciiu.275",,"False","True","False"
"ciiu.279",279,"Fabricación de otros tipos de equipo eléctrico n.c.p.","ciiu.27",,,,"True","False","False"
"ciiu.2790",2790,"Fabricación de otros tipos de equipo eléctrico n.c.p.",,,"ciiu.279",,"False","True","False"
"ciiu.28",28,"Fabricación de maquinaria y equipo n.c.p.",,,,"ciiu.3","False","False","True"
"ciiu.281",281,"Fabricación de maquinaria y equipo de uso general","ciiu.28",,,,"True","False","False"
"ciiu.2811",2811,"Fabricación de motores, turbinas, y partes para motores de combustión interna",,,"ciiu.281",,"False","True","False"
"ciiu.2812",2812,"Fabricación de equipos de potencia hidráulica y neumática",,,"ciiu.281",,"False","True","False"
"ciiu.2813",2813,"Fabricación de otras bombas, compresores, grifos y válvulas",,,"ciiu.281",,"False","True","False"
"ciiu.2814",2814,"Fabricación de cojinetes, engranajes, trenes de engranajes y piezas de transmisión",,,"ciiu.281",,"False","True","False"
"ciiu.2815",2815,"Fabricación de hornos, hogares y quemadores industriales",,,"ciiu.281",,"False","True","False"
"ciiu.2816",2816,"Fabricación de equipo de elevación y manipulación",,,"ciiu.281",,"False","True","False"
"ciiu.2817",2817,"Fabricación de maquinaria y equipo de oficina (excepto computadoras y equipo periférico)",,,"ciiu.281",,"False","True","False"
"ciiu.2818",2818,"Fabricación de herramientas manuales con motor",,,"ciiu.281",,"False","True","False"
"ciiu.2819",2819,"Fabricación de otros tipos de maquinaria y equipo de uso general n.c.p.",,,"ciiu.281",,"False","True","False"
"ciiu.282",282,"Fabricación de maquinaria y equipo de uso especial","ciiu.28",,,,"True","False","False"
"ciiu.2821",2821,"Fabricación de maquinaria agropecuaria y forestal",,,"ciiu.282",,"False","True","False"
"ciiu.2822",2822,"Fabricación de máquinas formadoras de metal y de máquinas herramienta",,,"ciiu.282",,"False","True","False"
"ciiu.2823",2823,"Fabricación de maquinaria para la metalurgia",,,"ciiu.282",,"False","True","False"
"ciiu.2824",2824,"Fabricación de maquinaria para explotación de minas y canteras y para obras de construcción",,,"ciiu.282",,"False","True","False"
"ciiu.2825",2825,"Fabricación de maquinaria para la elaboración de alimentos, bebidas y tabaco",,,"ciiu.282",,"False","True","False"
"ciiu.2826",2826,"Fabricación de maquinaria para la elaboración de productos textiles, prendas de vestir y cueros",,,"ciiu.282",,"False","True","False"
"ciiu.2829",2829,"Fabricación de otros tipos de maquinaria y equipo de uso especial n.c.p.",,,"ciiu.282",,"False","True","False"
"ciiu.29",29,"Fabricación de vehículos automotores, remolques y semirremolques",,,,"ciiu.3","False","False","True"
"ciiu.291",291,"Fabricación de vehículos automotores y sus motores","ciiu.29",,,,"True","False","False"
"ciiu.2910",2910,"Fabricación de vehículos automotores y sus motores",,,"ciiu.291",,"False","True","False"
"ciiu.292",292,"Fabricación de carrocerías para vehículos automotores; fabricación de remolques y semirremolques ","ciiu.29",,,,"True","False","False"
"ciiu.2920",2920,"Fabricación de carrocerías para vehículos automotores; fabricación de remolques y semirremolques ",,,"ciiu.292",,"False","True","False"
"ciiu.293",293,"Fabricación de partes, piezas (autopartes) y accesorios (lujos) para vehículos automotores","ciiu.29",,,,"True","False","False"
"ciiu.2930",2930,"Fabricación de partes, piezas (autopartes) y accesorios (lujos) para vehículos automotores",,,"ciiu.293",,"False","True","False"
"ciiu.30",30,"Fabricación de otros tipos de equipo de transporte",,,,"ciiu.3","False","False","True"
"ciiu.301",301,"Construcción de barcos y otras embarcaciones","ciiu.30",,,,"True","False","False"
"ciiu.3011",3011,"Construcción de barcos y de estructuras flotantes",,,"ciiu.301",,"False","True","False"
"ciiu.3012",3012,"Construcción de embarcaciones de recreo y deporte",,,"ciiu.301",,"False","True","False"
"ciiu.302",302,"Fabricación de locomotoras y de material rodante para ferrocarriles","ciiu.30",,,,"True","False","False"
"ciiu.3020",3020,"Fabricación de locomotoras y de material rodante para ferrocarriles",,,"ciiu.302",,"False","True","False"
"ciiu.303",303,"Fabricación de aeronaves, naves espaciales y de maquinaria conexa","ciiu.30",,,,"True","False","False"
"ciiu.3030",3030,"Fabricación de aeronaves, naves espaciales y de maquinaria conexa",,,"ciiu.303",,"False","True","False"
"ciiu.304",304,"Fabricación de vehículos militares de combate","ciiu.30",,,,"True","False","False"
"ciiu.3040",3040,"Fabricación de vehículos militares de combate",,,"ciiu.304",,"False","True","False"
"ciiu.309",309,"Fabricación de otros tipos de equipo de transporte n.c.p.","ciiu.30",,,,"True","False","False"
"ciiu.3091",3091,"Fabricación de motocicletas",,,"ciiu.309",,"False","True","False"
"ciiu.3092",3092,"Fabricación de bicicletas y de sillas de ruedas para personas con discapacidad",,,"ciiu.309",,"False","True","False"
"ciiu.3099",3099,"Fabricación de otros tipos de equipo de transporte n.c.p.",,,"ciiu.309",,"False","True","False"
"ciiu.31",31,"Fabricación de muebles, colchones y somieres",,,,"ciiu.3","False","False","True"
"ciiu.311",311,"Fabricación de muebles ","ciiu.31",,,,"True","False","False"
"ciiu.3110",3110,"Fabricación de muebles ",,,"ciiu.311",,"False","True","False"
"ciiu.312",312,"Fabricación de colchones y somieres","ciiu.31",,,,"True","False","False"
"ciiu.3120",3120,"Fabricación de colchones y somieres",,,"ciiu.312",,"False","True","False"
"ciiu.32",32,"Otras industrias manufactureras",,,,"ciiu.3","False","False","True"
"ciiu.321",321,"Fabricación de joyas, bisutería y artículos conexos","ciiu.32",,,,"True","False","False"
"ciiu.3210",3210,"Fabricación de joyas, bisutería y artículos conexos",,,"ciiu.321",,"False","True","False"
"ciiu.322",322,"Fabricación de instrumentos musicales","ciiu.32",,,,"True","False","False"
"ciiu.3220",3220,"Fabricación de instrumentos musicales",,,"ciiu.322",,"False","True","False"
"ciiu.323",323,"Fabricación de artículos y equipo para la práctica del deporte","ciiu.32",,,,"True","False","False"
"ciiu.3230",3230,"Fabricación de artículos y equipo para la práctica del deporte",,,"ciiu.323",,"False","True","False"
"ciiu.324",324,"Fabricación de juegos, juguetes y rompecabezas","ciiu.32",,,,"True","False","False"
"ciiu.3240",3240,"Fabricación de juegos, juguetes y rompecabezas",,,"ciiu.324",,"False","True","False"
"ciiu.325",325,"Fabricación de instrumentos, aparatos y materiales médicos y odontológicos (incluido mobiliario)","ciiu.32",,,,"True","False","False"
"ciiu.3250",3250,"Fabricación de instrumentos, aparatos y materiales médicos y odontológicos (incluido mobiliario)",,,"ciiu.325",,"False","True","False"
"ciiu.329",329,"Otras industrias manufactureras n.c.p.","ciiu.32",,,,"True","False","False"
"ciiu.3290",3290,"Otras industrias manufactureras n.c.p.",,,"ciiu.329",,"False","True","False"
"ciiu.33",33,"Instalación, mantenimiento y reparación especializado de maquinaria y equipo",,,,"ciiu.3","False","False","True"
"ciiu.331",331,"Mantenimiento y reparación especializado de productos elaborados en metal y de maquinaria y equipo","ciiu.33",,,,"True","False","False"
"ciiu.3311",3311,"Mantenimiento y reparación especializado de productos elaborados en metal",,,"ciiu.331",,"False","True","False"
"ciiu.3312",3312,"Mantenimiento y reparación especializado de maquinaria y equipo",,,"ciiu.331",,"False","True","False"
"ciiu.3313",3313,"Mantenimiento y reparación especializado de equipo electrónico y óptico",,,"ciiu.331",,"False","True","False"
"ciiu.3314",3314,"Mantenimiento y reparación especializado de equipo eléctrico",,,"ciiu.331",,"False","True","False"
"ciiu.3315",3315,"Mantenimiento y reparación especializado de equipo de transporte, excepto los vehículos automotores, motocicletas y bicicletas",,,"ciiu.331",,"False","True","False"
"ciiu.3319",3319,"Mantenimiento y reparación de otros tipos de equipos y sus componentes n.c.p.",,,"ciiu.331",,"False","True","False"
"ciiu.332",332,"Instalación especializada de maquinaria y equipo industrial ","ciiu.33",,,,"True","False","False"
"ciiu.3320",3320,"Instalación especializada de maquinaria y equipo industrial ",,,"ciiu.332",,"False","True","False"
"ciiu.4","SECCIÓN D","SUMINISTRO DE ELECTRICIDAD, GAS, VAPOR Y AIRE ACONDICIONADO",,,,,"False","False","False"
"ciiu.35",35,"Suministro de electricidad, gas, vapor y aire acondicionado ",,,,"ciiu.4","False","False","True"
"ciiu.351",351,"Generación, transmisión, distribución y comercialización de energía eléctrica","ciiu.35",,,,"True","False","False"
"ciiu.3511",3511,"Generación de energía eléctrica",,,"ciiu.351",,"False","True","False"
"ciiu.3512",3512,"Transmisión de energía eléctrica",,,"ciiu.351",,"False","True","False"
"ciiu.3513",3513,"Distribución de energía eléctrica",,,"ciiu.351",,"False","True","False"
"ciiu.3514",3514,"Comercialización de energía eléctrica",,,"ciiu.351",,"False","True","False"
"ciiu.352",352,"Producción de gas; distribución de combustibles gaseosos por tuberías","ciiu.35",,,,"True","False","False"
"ciiu.3520",3520,"Producción de gas; distribución de combustibles gaseosos por tuberías",,,"ciiu.352",,"False","True","False"
"ciiu.353",353,"Suministro de vapor y aire acondicionado","ciiu.35",,,,"True","False","False"
"ciiu.3530",3530,"Suministro de vapor y aire acondicionado",,,"ciiu.353",,"False","True","False"
"ciiu.5","SECCIÓN E","DISTRIBUCIÓN DE AGUA; EVACUACIÓN Y TRATAMIENTO DE AGUAS RESIDUALES, GESTIÓN DE DESECHOS Y ACTIVIDADES DE SANEAMIENTO AMBIENTAL",,,,,"False","False","False"
"ciiu.36",36,"Captación, tratamiento y distribución de agua",,,,"ciiu.5","False","False","True"
"ciiu.360",360,"Captación, tratamiento y distribución de agua","ciiu.36",,,,"True","False","False"
"ciiu.3600",3600,"Captación, tratamiento y distribución de agua",,,"ciiu.360",,"False","True","False"
"ciiu.37",37,"Evacuación y tratamiento de aguas residuales",,,,"ciiu.5","False","False","True"
"ciiu.370",370,"Evacuación y tratamiento de aguas residuales","ciiu.37",,,,"True","False","False"
"ciiu.3700",3700,"Evacuación y tratamiento de aguas residuales",,,"ciiu.370",,"False","True","False"
"ciiu.38",38,"Recolección, tratamiento y disposición de desechos, recuperación de materiales",,,,"ciiu.5","False","False","True"
"ciiu.381",381,"Recolección de desechos","ciiu.38",,,,"True","False","False"
"ciiu.3811",3811,"Recolección de desechos no peligrosos",,,"ciiu.381",,"False","True","False"
"ciiu.3812",3812,"Recolección de desechos peligrosos",,,"ciiu.381",,"False","True","False"
"ciiu.382",382,"Tratamiento y disposición de desechos","ciiu.38",,,,"True","False","False"
"ciiu.3821",3821,"Tratamiento y disposición de desechos no peligrosos",,,"ciiu.382",,"False","True","False"
"ciiu.3822",3822,"Tratamiento y disposición de desechos peligrosos",,,"ciiu.382",,"False","True","False"
"ciiu.383",383,"Recuperación de materiales","ciiu.38",,,,"True","False","False"
"ciiu.3830",3830,"Recuperación de materiales",,,"ciiu.383",,"False","True","False"
"ciiu.39",39,"Actividades de saneamiento ambiental y otros servicios de gestión de desechos",,,,"ciiu.5","False","False","True"
"ciiu.390",390,"Actividades de saneamiento ambiental y otros servicios de gestión de desechos","ciiu.39",,,,"True","False","False"
"ciiu.3900",3900,"Actividades de saneamiento ambiental y otros servicios de gestión de desechos",,,"ciiu.390",,"False","True","False"
"ciiu.6","SECCIÓN F","CONSTRUCCIÓN",,,,,"False","False","False"
"ciiu.41",41,"Construcción de edificios",,,,"ciiu.6","False","False","True"
"ciiu.411",411,"Construcción de edificios","ciiu.41",,,,"True","False","False"
"ciiu.4111",4111,"Construcción de edificios residenciales",,,"ciiu.411",,"False","True","False"
"ciiu.4112",4112,"Construcción de edificios no residenciales",,,"ciiu.411",,"False","True","False"
"ciiu.42",42,"Obras de ingeniería civil",,,,"ciiu.6","False","False","True"
"ciiu.421",421,"Construcción de carreteras y vías de ferrocarril","ciiu.42",,,,"True","False","False"
"ciiu.4210",4210,"Construcción de carreteras y vías de ferrocarril",,,"ciiu.421",,"False","True","False"
"ciiu.422",422,"Construcción de proyectos de servicio público","ciiu.42",,,,"True","False","False"
"ciiu.4220",4220,"Construcción de proyectos de servicio público",,,"ciiu.422",,"False","True","False"
"ciiu.429",429,"Construcción de otras obras de ingeniería civil","ciiu.42",,,,"True","False","False"
"ciiu.4290",4290,"Construcción de otras obras de ingeniería civil",,,"ciiu.429",,"False","True","False"
"ciiu.43",43,"Actividades especializadas para la construcción de edificios y obras de ingeniería civil",,,,"ciiu.6","False","False","True"
"ciiu.431",431,"Demolición y preparación del terreno","ciiu.43",,,,"True","False","False"
"ciiu.4311",4311,"Demolición",,,"ciiu.431",,"False","True","False"
"ciiu.4312",4312,"Preparación del terreno",,,"ciiu.431",,"False","True","False"
"ciiu.432",432,"Instalaciones eléctricas, de fontanería y otras instalaciones especializadas","ciiu.43",,,,"True","False","False"
"ciiu.4321",4321,"Instalaciones eléctricas",,,"ciiu.432",,"False","True","False"
"ciiu.4322",4322,"Instalaciones de fontanería, calefacción y aire acondicionado",,,"ciiu.432",,"False","True","False"
"ciiu.4329",4329,"Otras instalaciones especializadas",,,"ciiu.432",,"False","True","False"
"ciiu.433",433,"Terminación y acabado de edificios y obras de ingeniería civil","ciiu.43",,,,"True","False","False"
"ciiu.4330",4330,"Terminación y acabado de edificios y obras de ingeniería civil",,,"ciiu.433",,"False","True","False"
"ciiu.439",439,"Otras actividades especializadas para la construcción de edificios y obras de ingeniería civil","ciiu.43",,,,"True","False","False"
"ciiu.4390",4390,"Otras actividades especializadas para la construcción de edificios y obras de ingeniería civil",,,"ciiu.439",,"False","True","False"
"ciiu.7","SECCIÓN G","COMERCIO AL POR MAYOR Y AL POR MENOR; REPARACIÓN DE VEHÍCULOS AUTOMOTORES Y MOTOCICLETAS",,,,,"False","False","False"
"ciiu.45",45,"Comercio, mantenimiento y reparación de vehículos automotores y motocicletas, sus partes, piezas y accesorios",,,,"ciiu.7","False","False","True"
"ciiu.451",451,"Comercio de vehículos automotores","ciiu.45",,,,"True","False","False"
"ciiu.4511",4511,"Comercio de vehículos automotores nuevos",,,"ciiu.451",,"False","True","False"
"ciiu.4512",4512,"Comercio de vehículos automotores usados",,,"ciiu.451",,"False","True","False"
"ciiu.452",452,"Mantenimiento y reparación de vehículos automotores","ciiu.45",,,,"True","False","False"
"ciiu.4520",4520,"Mantenimiento y reparación de vehículos automotores",,,"ciiu.452",,"False","True","False"
"ciiu.453",453,"Comercio de partes, piezas (autopartes) y accesorios (lujos) para vehículos automotores","ciiu.45",,,,"True","False","False"
"ciiu.4530",4530,"Comercio de partes, piezas (autopartes) y accesorios (lujos) para vehículos automotores",,,"ciiu.453",,"False","True","False"
"ciiu.454",454,"Comercio, mantenimiento y reparación de motocicletas y de sus partes, piezas y accesorios","ciiu.45",,,,"True","False","False"
"ciiu.4541",4541,"Comercio de motocicletas y de sus partes, piezas y accesorios",,,"ciiu.454",,"False","True","False"
"ciiu.4542",4542,"Mantenimiento y reparación de motocicletas y de sus partes y piezas",,,"ciiu.454",,"False","True","False"
"ciiu.46",46,"Comercio al por mayor y en comisión o por contrata, excepto el comercio de vehículos automotores y motocicletas",,,,"ciiu.7","False","False","True"
"ciiu.461",461,"Comercio al por mayor a cambio de una retribución o por contrata","ciiu.46",,,,"True","False","False"
"ciiu.4610",4610,"Comercio al por mayor a cambio de una retribución o por contrata",,,"ciiu.461",,"False","True","False"
"ciiu.462",462,"Comercio al por mayor de materias primas agropecuarias; animales vivos","ciiu.46",,,,"True","False","False"
"ciiu.4620",4620,"Comercio al por mayor de materias primas agropecuarias; animales vivos",,,"ciiu.462",,"False","True","False"
"ciiu.463",463,"Comercio al por mayor de alimentos, bebidas y tabaco","ciiu.46",,,,"True","False","False"
"ciiu.4631",4631,"Comercio al por mayor de productos alimenticios",,,"ciiu.463",,"False","True","False"
"ciiu.4632",4632,"Comercio al por mayor de bebidas y tabaco",,,"ciiu.463",,"False","True","False"
"ciiu.464",464,"Comercio al por mayor de artículos y enseres domésticos (incluidas prendas de vestir)","ciiu.46",,,,"True","False","False"
"ciiu.4641",4641,"Comercio al por mayor de productos textiles, productos confeccionados para uso doméstico",,,"ciiu.464",,"False","True","False"
"ciiu.4642",4642,"Comercio al por mayor de prendas de vestir",,,"ciiu.464",,"False","True","False"
"ciiu.4643",4643,"Comercio al por mayor de calzado",,,"ciiu.464",,"False","True","False"
"ciiu.4644",4644,"Comercio al por mayor de aparatos y equipo de uso doméstico",,,"ciiu.464",,"False","True","False"
"ciiu.4645",4645,"Comercio al por mayor de productos farmacéuticos, medicinales, cosméticos y de tocador",,,"ciiu.464",,"False","True","False"
"ciiu.4649",4649,"Comercio al por mayor de otros utensilios domésticos n.c.p.",,,"ciiu.464",,"False","True","False"
"ciiu.465",465,"Comercio al por mayor de maquinaria y equipo ","ciiu.46",,,,"True","False","False"
"ciiu.4651",4651,"Comercio al por mayor de computadores, equipo periférico y programas de informática",,,"ciiu.465",,"False","True","False"
"ciiu.4652",4652,"Comercio al por mayor de equipo, partes y piezas electrónicos y de telecomunicaciones",,,"ciiu.465",,"False","True","False"
"ciiu.4653",4653,"Comercio al por mayor de maquinaria y equipo agropecuarios",,,"ciiu.465",,"False","True","False"
"ciiu.4659",4659,"Comercio al por mayor de otros tipos de maquinaria y equipo n.c.p.",,,"ciiu.465",,"False","True","False"
"ciiu.466",466,"Comercio al por mayor especializado de otros productos","ciiu.46",,,,"True","False","False"
"ciiu.4661",4661,"Comercio al por mayor de combustibles sólidos, líquidos, gaseosos y productos conexos",,,"ciiu.466",,"False","True","False"
"ciiu.4662",4662,"Comercio al por mayor de metales y productos metalíferos",,,"ciiu.466",,"False","True","False"
"ciiu.4663",4663,"Comercio al por mayor de materiales de construcción, artículos de ferretería, pinturas, productos de vidrio, equipo y materiales de fontanería y calefacción",,,"ciiu.466",,"False","True","False"
"ciiu.4664",4664,"Comercio al por mayor de productos químicos básicos, cauchos y plásticos en formas primarias y productos químicos de uso agropecuario",,,"ciiu.466",,"False","True","False"
"ciiu.4665",4665,"Comercio al por mayor de desperdicios, desechos y chatarra",,,"ciiu.466",,"False","True","False"
"ciiu.4669",4669,"Comercio al por mayor de otros productos n.c.p.",,,"ciiu.466",,"False","True","False"
"ciiu.469",469,"Comercio al por mayor no especializado","ciiu.46",,,,"True","False","False"
"ciiu.4690",4690,"Comercio al por mayor no especializado",,,"ciiu.469",,"False","True","False"
"ciiu.47",47,"Comercio al por menor (incluso el comercio al por menor de combustibles), excepto el de vehículos automotores y motocicletas",,,,"ciiu.7","False","False","True"
"ciiu.471",471,"Comercio al por menor en establecimientos no especializados","ciiu.47",,,,"True","False","False"
"ciiu.4711",4711,"Comercio al por menor en establecimientos no especializados con surtido compuesto principalmente por alimentos, bebidas o tabaco",,,"ciiu.471",,"False","True","False"
"ciiu.4719",4719,"Comercio al por menor en establecimientos no especializados, con surtido compuesto principalmente por productos diferentes de alimentos (víveres en general), bebidas y tabaco",,,"ciiu.471",,"False","True","False"
"ciiu.472",472,"Comercio al por menor de alimentos (víveres en general), bebidas y tabaco, en establecimientos especializados","ciiu.47",,,,"True","False","False"
"ciiu.4721",4721,"Comercio al por menor de productos agrícolas para el consumo en establecimientos especializados",,,"ciiu.472",,"False","True","False"
"ciiu.4722",4722,"Comercio al por menor de leche, productos lácteos y huevos, en establecimientos especializados",,,"ciiu.472",,"False","True","False"
"ciiu.4723",4723,"Comercio al por menor de carnes (incluye aves de corral), productos cárnicos, pescados y productos de mar, en establecimientos especializados",,,"ciiu.472",,"False","True","False"
"ciiu.4724",4724,"Comercio al por menor de bebidas y productos del tabaco, en establecimientos especializados",,,"ciiu.472",,"False","True","False"
"ciiu.4729",4729,"Comercio al por menor de otros productos alimenticios n.c.p., en establecimientos especializados",,,"ciiu.472",,"False","True","False"
"ciiu.473",473,"Comercio al por menor de combustible, lubricantes, aditivos y productos de limpieza para automotores, en establecimientos especializados","ciiu.47",,,,"True","False","False"
"ciiu.4731",4731,"Comercio al por menor de combustible para automotores",,,"ciiu.473",,"False","True","False"
"ciiu.4732",4732,"Comercio al por menor de lubricantes (aceites, grasas), aditivos y productos de limpieza para vehículos automotores",,,"ciiu.473",,"False","True","False"
"ciiu.474",474,"Comercio al por menor de equipos de informática y de comunicaciones, en establecimientos especializados","ciiu.47",,,,"True","False","False"
"ciiu.4741",4741,"Comercio al por menor de computadores, equipos periféricos, programas de informática y equipos de telecomunicaciones en establecimientos especializados",,,"ciiu.474",,"False","True","False"
"ciiu.4742",4742,"Comercio al por menor de equipos y aparatos de sonido y de video, en establecimientos especializados",,,"ciiu.474",,"False","True","False"
"ciiu.475",475,"Comercio al por menor de otros enseres domésticos en establecimientos especializados","ciiu.47",,,,"True","False","False"
"ciiu.4751",4751,"Comercio al por menor de productos textiles en establecimientos especializados",,,"ciiu.475",,"False","True","False"
"ciiu.4752",4752,"Comercio al por menor de artículos de ferretería, pinturas y productos de vidrio en establecimientos especializados",,,"ciiu.475",,"False","True","False"
"ciiu.4753",4753,"Comercio al por menor de tapices, alfombras y cubrimientos para paredes y pisos en establecimientos especializados",,,"ciiu.475",,"False","True","False"
"ciiu.4754",4754,"Comercio al por menor de electrodomésticos y gasodomésticos de uso doméstico, muebles y equipos de iluminación",,,"ciiu.475",,"False","True","False"
"ciiu.4755",4755,"Comercio al por menor de artículos y utensilios de uso doméstico",,,"ciiu.475",,"False","True","False"
"ciiu.4759",4759,"Comercio al por menor de otros artículos domésticos en establecimientos especializados",,,"ciiu.475",,"False","True","False"
"ciiu.476",476,"Comercio al por menor de artículos culturales y de entretenimiento, en establecimientos especializados","ciiu.47",,,,"True","False","False"
"ciiu.4761",4761,"Comercio al por menor de libros, periódicos, materiales y artículos de papelería y escritorio, en establecimientos especializados",,,"ciiu.476",,"False","True","False"
"ciiu.4762",4762,"Comercio al por menor de artículos deportivos, en establecimientos especializados ",,,"ciiu.476",,"False","True","False"
"ciiu.4769",4769,"Comercio al por menor de otros artículos culturales y de entretenimiento n.c.p. en establecimientos especializados",,,"ciiu.476",,"False","True","False"
"ciiu.477",477,"Comercio al por menor de otros productos en establecimientos especializados","ciiu.47",,,,"True","False","False"
"ciiu.4771",4771,"Comercio al por menor de prendas de vestir y sus accesorios (incluye artículos de piel) en establecimientos especializados",,,"ciiu.477",,"False","True","False"
"ciiu.4772",4772,"Comercio al por menor de todo tipo de calzado y artículos de cuero y sucedáneos del cuero en establecimientos especializados.",,,"ciiu.477",,"False","True","False"
"ciiu.4773",4773,"Comercio al por menor de productos farmacéuticos y medicinales, cosméticos y artículos de tocador en establecimientos especializados",,,"ciiu.477",,"False","True","False"
"ciiu.4774",4774,"Comercio al por menor de otros productos nuevos en establecimientos especializados",,,"ciiu.477",,"False","True","False"
"ciiu.4775",4775,"Comercio al por menor de artículos de segunda mano",,,"ciiu.477",,"False","True","False"
"ciiu.478",478,"Comercio al por menor en puestos de venta móviles","ciiu.47",,,,"True","False","False"
"ciiu.4781",4781,"Comercio al por menor de alimentos, bebidas y tabaco, en puestos de venta móviles",,,"ciiu.478",,"False","True","False"
"ciiu.4782",4782,"Comercio al por menor de productos textiles, prendas de vestir y calzado, en puestos de venta móviles",,,"ciiu.478",,"False","True","False"
"ciiu.4789",4789,"Comercio al por menor de otros productos en puestos de venta móviles",,,"ciiu.478",,"False","True","False"
"ciiu.479",479,"Comercio al por menor no realizado en establecimientos, puestos de venta o mercados","ciiu.47",,,,"True","False","False"
"ciiu.4791",4791,"Comercio al por menor realizado a través de Internet",,,"ciiu.479",,"False","True","False"
"ciiu.4792",4792,"Comercio al por menor realizado a través de casas de venta o por correo",,,"ciiu.479",,"False","True","False"
"ciiu.4799",4799,"Otros tipos de comercio al por menor no realizado en establecimientos, puestos de venta o mercados.",,,"ciiu.479",,"False","True","False"
"ciiu.8","SECCIÓN H","TRANSPORTE Y ALMACENAMIENTO",,,,,"False","False","False"
"ciiu.49",49,"Transporte terrestre; transporte por tuberías",,,,"ciiu.8","False","False","True"
"ciiu.491",491,"Transporte férreo","ciiu.49",,,,"True","False","False"
"ciiu.4911",4911,"Transporte férreo de pasajeros",,,"ciiu.491",,"False","True","False"
"ciiu.4912",4912,"Transporte férreo de carga ",,,"ciiu.491",,"False","True","False"
"ciiu.492",492,"Transporte terrestre público automotor","ciiu.49",,,,"True","False","False"
"ciiu.4921",4921,"Transporte de pasajeros",,,"ciiu.492",,"False","True","False"
"ciiu.4922",4922,"Transporte mixto",,,"ciiu.492",,"False","True","False"
"ciiu.4923",4923,"Transporte de carga por carretera",,,"ciiu.492",,"False","True","False"
"ciiu.493",493,"Transporte por tuberías","ciiu.49",,,,"True","False","False"
"ciiu.4930",4930,"Transporte por tuberías",,,"ciiu.493",,"False","True","False"
"ciiu.50",50,"Transporte acuático",,,,"ciiu.8","False","False","True"
"ciiu.501",501,"Transporte marítimo y de cabotaje","ciiu.50",,,,"True","False","False"
"ciiu.5011",5011,"Transporte de pasajeros marítimo y de cabotaje ",,,"ciiu.501",,"False","True","False"
"ciiu.5012",5012,"Transporte de carga marítimo y de cabotaje ",,,"ciiu.501",,"False","True","False"
"ciiu.502",502,"Transporte fluvial","ciiu.50",,,,"True","False","False"
"ciiu.5021",5021,"Transporte fluvial de pasajeros",,,"ciiu.502",,"False","True","False"
"ciiu.5022",5022,"Transporte fluvial de carga",,,"ciiu.502",,"False","True","False"
"ciiu.51",51,"Transporte aéreo",,,,"ciiu.8","False","False","True"
"ciiu.511",511,"Transporte aéreo de pasajeros ","ciiu.51",,,,"True","False","False"
"ciiu.5111",5111,"Transporte aéreo nacional de pasajeros ",,,"ciiu.511",,"False","True","False"
"ciiu.5112",5112,"Transporte aéreo internacional de pasajeros ",,,"ciiu.511",,"False","True","False"
"ciiu.512",512,"Transporte aéreo de carga ","ciiu.51",,,,"True","False","False"
"ciiu.5121",5121,"Transporte aéreo nacional de carga ",,,"ciiu.512",,"False","True","False"
"ciiu.5122",5122,"Transporte aéreo internacional de carga ",,,"ciiu.512",,"False","True","False"
"ciiu.52",52,"Almacenamiento y actividades complementarias al transporte",,,,"ciiu.8","False","False","True"
"ciiu.521",521,"Almacenamiento y depósito","ciiu.52",,,,"True","False","False"
"ciiu.5210",5210,"Almacenamiento y depósito",,,"ciiu.521",,"False","True","False"
"ciiu.522",522,"Actividades de las estaciones, vías y servicios complementarios para el transporte","ciiu.52",,,,"True","False","False"
"ciiu.5221",5221,"Actividades de estaciones, vías y servicios complementarios para el transporte terrestre",,,"ciiu.522",,"False","True","False"
"ciiu.5222",5222,"Actividades de puertos y servicios complementarios para el transporte acuático",,,"ciiu.522",,"False","True","False"
"ciiu.5223",5223,"Actividades de aeropuertos, servicios de navegación aérea y demás actividades conexas al transporte aéreo",,,"ciiu.522",,"False","True","False"
"ciiu.5224",5224,"Manipulación de carga",,,"ciiu.522",,"False","True","False"
"ciiu.5229",5229,"Otras actividades complementarias al transporte",,,"ciiu.522",,"False","True","False"
"ciiu.53",53,"Correo y servicios de mensajería",,,,"ciiu.8","False","False","True"
"ciiu.531",531,"Actividades postales nacionales","ciiu.53",,,,"True","False","False"
"ciiu.5310",5310,"Actividades postales nacionales",,,"ciiu.531",,"False","True","False"
"ciiu.532",532,"Actividades de mensajería","ciiu.53",,,,"True","False","False"
"ciiu.5320",5320,"Actividades de mensajería",,,"ciiu.532",,"False","True","False"
"ciiu.9","SECCIÓN I","ALOJAMIENTO Y SERVICIOS DE COMIDA",,,,,"False","False","False"
"ciiu.55",55,"Alojamiento",,,,"ciiu.9","False","False","True"
"ciiu.551",551,"Actividades de alojamiento de estancias cortas","ciiu.55",,,,"True","False","False"
"ciiu.5511",5511,"Alojamiento en hoteles ",,,"ciiu.551",,"False","True","False"
"ciiu.5512",5512,"Alojamiento en apartahoteles",,,"ciiu.551",,"False","True","False"
"ciiu.5513",5513,"Alojamiento en centros vacacionales ",,,"ciiu.551",,"False","True","False"
"ciiu.5514",5514,"Alojamiento rural",,,"ciiu.551",,"False","True","False"
"ciiu.5519",5519,"Otros tipos de alojamientos para visitantes",,,"ciiu.551",,"False","True","False"
"ciiu.552",552,"Actividades de zonas de camping y parques para vehículos recreacionales","ciiu.55",,,,"True","False","False"
"ciiu.5520",5520,"Actividades de zonas de camping y parques para vehículos recreacionales",,,"ciiu.552",,"False","True","False"
"ciiu.553",553,"Servicio por horas ","ciiu.55",,,,"True","False","False"
"ciiu.5530",5530,"Servicio por horas ",,,"ciiu.553",,"False","True","False"
"ciiu.559",559,"Otros tipos de alojamiento n.c.p.","ciiu.55",,,,"True","False","False"
"ciiu.5590",5590,"Otros tipos de alojamiento n.c.p.",,,"ciiu.559",,"False","True","False"
"ciiu.56",56,"Actividades de servicios de comidas y bebidas",,,,"ciiu.9","False","False","True"
"ciiu.561",561,"Actividades de restaurantes, cafeterías y servicio móvil de comidas","ciiu.56",,,,"True","False","False"
"ciiu.5611",5611,"Expendio a la mesa de comidas preparadas",,,"ciiu.561",,"False","True","False"
"ciiu.5612",5612,"Expendio por autoservicio de comidas preparadas",,,"ciiu.561",,"False","True","False"
"ciiu.5613",5613,"Expendio de comidas preparadas en cafeterías",,,"ciiu.561",,"False","True","False"
"ciiu.5619",5619,"Otros tipos de expendio de comidas preparadas n.c.p.",,,"ciiu.561",,"False","True","False"
"ciiu.562",562,"Actividades de catering para eventos y otros servicios de comidas","ciiu.56",,,,"True","False","False"
"ciiu.5621",5621,"Catering para eventos",,,"ciiu.562",,"False","True","False"
"ciiu.5629",5629,"Actividades de otros servicios de comidas",,,"ciiu.562",,"False","True","False"
"ciiu.563",563,"Expendio de bebidas alcohólicas para el consumo dentro del establecimiento","ciiu.56",,,,"True","False","False"
"ciiu.5630",5630,"Expendio de bebidas alcohólicas para el consumo dentro del establecimiento",,,"ciiu.563",,"False","True","False"
"ciiu.10","SECCIÓN J","INFORMACIÓN Y COMUNICACIONES",,,,,"False","False","False"
"ciiu.101",101,"Procesamiento y conservación de carne, pescado, crustáceos y moluscos ","ciiu.10",,,,"True","False","False"
"ciiu.1011",1011,"Procesamiento y conservación de carne y productos cárnicos",,,"ciiu.101",,"False","True","False"
"ciiu.1012",1012,"Procesamiento y conservación de pescados, crustáceos y moluscos",,,"ciiu.101",,"False","True","False"
"ciiu.102",102,"Procesamiento y conservación de frutas, legumbres, hortalizas y tubérculos","ciiu.10",,,,"True","False","False"
"ciiu.1020",1020,"Procesamiento y conservación de frutas, legumbres, hortalizas y tubérculos",,,"ciiu.102",,"False","True","False"
"ciiu.103",103,"Elaboración de aceites y grasas de origen vegetal y animal","ciiu.10",,,,"True","False","False"
"ciiu.1030",1030,"Elaboración de aceites y grasas de origen vegetal y animal",,,"ciiu.103",,"False","True","False"
"ciiu.104",104,"Elaboración de productos lácteos","ciiu.10",,,,"True","False","False"
"ciiu.1040",1040,"Elaboración de productos lácteos",,,"ciiu.104",,"False","True","False"
"ciiu.105",105,"Elaboración de productos de molinería, almidones y productos derivados del almidón","ciiu.10",,,,"True","False","False"
"ciiu.1051",1051,"Elaboración de productos de molinería",,,"ciiu.105",,"False","True","False"
"ciiu.1052",1052,"Elaboración de almidones y productos derivados del almidón",,,"ciiu.105",,"False","True","False"
"ciiu.106",106,"Elaboración de productos de café","ciiu.10",,,,"True","False","False"
"ciiu.1061",1061,"Trilla de café",,,"ciiu.106",,"False","True","False"
"ciiu.1062",1062,"Descafeinado, tostión y molienda del café",,,"ciiu.106",,"False","True","False"
"ciiu.1063",1063,"Otros derivados del café",,,"ciiu.106",,"False","True","False"
"ciiu.107",107,"Elaboración de azúcar y panela","ciiu.10",,,,"True","False","False"
"ciiu.1071",1071,"Elaboración y refinación de azúcar",,,"ciiu.107",,"False","True","False"
"ciiu.1072",1072,"Elaboración de panela",,,"ciiu.107",,"False","True","False"
"ciiu.108",108,"Elaboración de otros productos alimenticios","ciiu.10",,,,"True","False","False"
"ciiu.1081",1081,"Elaboración de productos de panadería",,,"ciiu.108",,"False","True","False"
"ciiu.1082",1082,"Elaboración de cacao, chocolate y productos de confitería",,,"ciiu.108",,"False","True","False"
"ciiu.1083",1083,"Elaboración de macarrones, fideos, alcuzcuz y productos farináceos similares",,,"ciiu.108",,"False","True","False"
"ciiu.1084",1084,"Elaboración de comidas y platos preparados",,,"ciiu.108",,"False","True","False"
"ciiu.1089",1089,"Elaboración de otros productos alimenticios n.c.p.",,,"ciiu.108",,"False","True","False"
"ciiu.109",109,"Elaboración de alimentos preparados para animales","ciiu.10",,,,"True","False","False"
"ciiu.1090",1090,"Elaboración de alimentos preparados para animales",,,"ciiu.109",,"False","True","False"
"ciiu.58",58,"Actividades de edición",,,,"ciiu.10","False","False","True"
"ciiu.581",581,"Edición de libros, publicaciones periódicas y otras actividades de edición","ciiu.58",,,,"True","False","False"
"ciiu.5811",5811,"Edición de libros",,,"ciiu.581",,"False","True","False"
"ciiu.5812",5812,"Edición de directorios y listas de correo",,,"ciiu.581",,"False","True","False"
"ciiu.5813",5813,"Edición de periódicos, revistas y otras publicaciones periódicas",,,"ciiu.581",,"False","True","False"
"ciiu.5819",5819,"Otros trabajos de edición",,,"ciiu.581",,"False","True","False"
"ciiu.582",582,"Edición de programas de informática (software)","ciiu.58",,,,"True","False","False"
"ciiu.5820",5820,"Edición de programas de informática (software)",,,"ciiu.582",,"False","True","False"
"ciiu.59",59,"Actividades cinematográficas, de video y producción de programas de televisión, grabación de sonido y edición de música",,,,"ciiu.10","False","False","True"
"ciiu.591",591,"Actividades de producción de películas cinematográficas, video y producción de programas, anuncios y comerciales de televisión","ciiu.59",,,,"True","False","False"
"ciiu.5911",5911,"Actividades de producción de películas cinematográficas, videos, programas, anuncios y comerciales de televisión",,,"ciiu.591",,"False","True","False"
"ciiu.5912",5912,"Actividades de posproducción de películas cinematográficas, videos, programas, anuncios y comerciales de televisión",,,"ciiu.591",,"False","True","False"
"ciiu.5913",5913,"Actividades de distribución de películas cinematográficas, videos, programas, anuncios y comerciales de televisión",,,"ciiu.591",,"False","True","False"
"ciiu.5914",5914,"Actividades de exhibición de películas cinematográficas y videos",,,"ciiu.591",,"False","True","False"
"ciiu.592",592,"Actividades de grabación de sonido y edición de musica","ciiu.59",,,,"True","False","False"
"ciiu.5920",5920,"Actividades de grabación de sonido y edición de musica",,,"ciiu.592",,"False","True","False"
"ciiu.60",60,"Actividades de programación, transmisión y/o difusión",,,,"ciiu.10","False","False","True"
"ciiu.601",601,"Actividades de programación y transmisión en el servicio de radiodifusión sonora","ciiu.60",,,,"True","False","False"
"ciiu.6010",6010,"Actividades de programación y transmisión en el servicio de radiodifusión sonora",,,"ciiu.601",,"False","True","False"
"ciiu.602",602,"Actividades de programación y transmisión de televisión","ciiu.60",,,,"True","False","False"
"ciiu.6020",6020,"Actividades de programación y transmisión de televisión",,,"ciiu.602",,"False","True","False"
"ciiu.61",61,"Telecomunicaciones",,,,"ciiu.10","False","False","True"
"ciiu.611",611,"Actividades de telecomunicaciones alámbricas","ciiu.61",,,,"True","False","False"
"ciiu.6110",6110,"Actividades de telecomunicaciones alámbricas",,,"ciiu.611",,"False","True","False"
"ciiu.612",612,"Actividades de telecomunicaciones inalámbricas","ciiu.61",,,,"True","False","False"
"ciiu.6120",6120,"Actividades de telecomunicaciones inalámbricas",,,"ciiu.612",,"False","True","False"
"ciiu.613",613,"Actividades de telecomunicación satelital","ciiu.61",,,,"True","False","False"
"ciiu.6130",6130,"Actividades de telecomunicación satelital",,,"ciiu.613",,"False","True","False"
"ciiu.619",619,"Otras actividades de telecomunicaciones","ciiu.61",,,,"True","False","False"
"ciiu.6190",6190,"Otras actividades de telecomunicaciones",,,"ciiu.619",,"False","True","False"
"ciiu.62",62,"Desarrollo de sistemas informáticos (planificación, análisis, diseño, programación, pruebas), consultoría informática y actividades relacionadas",,,,"ciiu.10","False","False","True"
"ciiu.620",620,"Desarrollo de sistemas informáticos (planificación, análisis, diseño, programación, pruebas), consultoría informática y actividades relacionadas","ciiu.62",,,,"True","False","False"
"ciiu.6201",6201,"Actividades de desarrollo de sistemas informáticos (planificación, análisis, diseño, programación, pruebas)",,,"ciiu.620",,"False","True","False"
"ciiu.6202",6202,"Actividades de consultoría informática y actividades de administración de instalaciones informáticas",,,"ciiu.620",,"False","True","False"
"ciiu.6209",6209,"Otras actividades de tecnologías de información y actividades de servicios informáticos",,,"ciiu.620",,"False","True","False"
"ciiu.63",63,"Actividades de servicios de información",,,,"ciiu.10","False","False","True"
"ciiu.631",631,"Procesamiento de datos, alojamiento (hosting) y actividades relacionadas; portales web","ciiu.63",,,,"True","False","False"
"ciiu.6311",6311,"Procesamiento de datos, alojamiento (hosting) y actividades relacionadas",,,"ciiu.631",,"False","True","False"
"ciiu.6312",6312,"Portales web",,,"ciiu.631",,"False","True","False"
"ciiu.639",639,"Otras actividades de servicio de información","ciiu.63",,,,"True","False","False"
"ciiu.6391",6391,"Actividades de agencias de noticias",,,"ciiu.639",,"False","True","False"
"ciiu.6399",6399,"Otras actividades de servicio de información n.c.p.",,,"ciiu.639",,"False","True","False"
"ciiu.11","SECCIÓN K","ACTIVIDADES FINANCIERAS Y DE SEGUROS",,,,,"False","False","False"
"ciiu.110",110,"Elaboración de bebidas","ciiu.11",,,,"True","False","False"
"ciiu.1101",1101,"Destilación, rectificación y mezcla de bebidas alcohólicas",,,"ciiu.110",,"False","True","False"
"ciiu.1102",1102,"Elaboración de bebidas fermentadas no destiladas",,,"ciiu.110",,"False","True","False"
"ciiu.1103",1103,"Producción de malta, elaboración de cervezas y otras bebidas malteadas",,,"ciiu.110",,"False","True","False"
"ciiu.1104",1104,"Elaboración de bebidas no alcohólicas, producción de aguas minerales y de otras aguas embotelladas",,,"ciiu.110",,"False","True","False"
"ciiu.64",64,"Actividades de servicios financieros, excepto las de seguros y de pensiones",,,,"ciiu.11","False","False","True"
"ciiu.641",641,"Intermediación monetaria","ciiu.64",,,,"True","False","False"
"ciiu.6411",6411,"Banco Central",,,"ciiu.641",,"False","True","False"
"ciiu.6412",6412,"Bancos comerciales",,,"ciiu.641",,"False","True","False"
"ciiu.642",642,"Otros tipos de intermediación monetaria","ciiu.64",,,,"True","False","False"
"ciiu.6421",6421,"Actividades de las corporaciones financieras",,,"ciiu.642",,"False","True","False"
"ciiu.6422",6422,"Actividades de las compañías de financiamiento",,,"ciiu.642",,"False","True","False"
"ciiu.6423",6423,"Banca de segundo piso",,,"ciiu.642",,"False","True","False"
"ciiu.6424",6424,"Actividades de las cooperativas financieras",,,"ciiu.642",,"False","True","False"
"ciiu.643",643,"Fideicomisos, fondos (incluye fondos de cesantías) y entidades financieras similares","ciiu.64",,,,"True","False","False"
"ciiu.6431",6431,"Fideicomisos, fondos y entidades financieras similares",,,"ciiu.643",,"False","True","False"
"ciiu.6432",6432,"Fondos de cesantías",,,"ciiu.643",,"False","True","False"
"ciiu.649",649,"Otras actividades de servicio financiero, excepto las de seguros y pensiones","ciiu.64",,,,"True","False","False"
"ciiu.6491",6491,"Leasing financiero (arrendamiento financiero)",,,"ciiu.649",,"False","True","False"
"ciiu.6492",6492,"Actividades financieras de fondos de empleados y otras formas asociativas del sector solidario",,,"ciiu.649",,"False","True","False"
"ciiu.6493",6493,"Actividades de compra de cartera o factoring",,,"ciiu.649",,"False","True","False"
"ciiu.6494",6494,"Otras actividades de distribución de fondos",,,"ciiu.649",,"False","True","False"
"ciiu.6495",6495,"Instituciones especiales oficiales",,,"ciiu.649",,"False","True","False"
"ciiu.6499",6499,"Otras actividades de servicio financiero, excepto las de seguros y pensiones n.c.p.",,,"ciiu.649",,"False","True","False"
"ciiu.65",65,"Seguros (incluso el reaseguro), seguros sociales y fondos de pensiones, excepto la seguridad social",,,,"ciiu.11","False","False","True"
"ciiu.651",651,"Seguros y capitalización","ciiu.65",,,,"True","False","False"
"ciiu.6511",6511,"Seguros generales ",,,"ciiu.651",,"False","True","False"
"ciiu.6512",6512,"Seguros de vida",,,"ciiu.651",,"False","True","False"
"ciiu.6513",6513,"Reaseguros",,,"ciiu.651",,"False","True","False"
"ciiu.6514",6514,"Capitalización",,,"ciiu.651",,"False","True","False"
"ciiu.652",652,"Servicios de seguros sociales de salud y riesgos profesionales","ciiu.65",,,,"True","False","False"
"ciiu.6521",6521,"Servicios de seguros sociales de salud",,,"ciiu.652",,"False","True","False"
"ciiu.6522",6522,"Servicios de seguros sociales de riesgos profesionales",,,"ciiu.652",,"False","True","False"
"ciiu.653",653,"Servicios de seguros sociales de pensiones","ciiu.65",,,,"True","False","False"
"ciiu.6531",6531,"Régimen de prima media con prestación definida (RPM)",,,"ciiu.653",,"False","True","False"
"ciiu.6532",6532,"Régimen de ahorro individual (RAI)",,,"ciiu.653",,"False","True","False"
"ciiu.66",66,"Actividades auxiliares de las actividades de servicios financieros",,,,"ciiu.11","False","False","True"
"ciiu.661",661,"Actividades auxiliares de las actividades de servicios financieros, excepto las de seguros y pensiones","ciiu.66",,,,"True","False","False"
"ciiu.6611",6611,"Administración de mercados financieros",,,"ciiu.661",,"False","True","False"
"ciiu.6612",6612,"Corretaje de valores y de contratos de productos básicos",,,"ciiu.661",,"False","True","False"
"ciiu.6613",6613,"Otras actividades relacionadas con el mercado de valores",,,"ciiu.661",,"False","True","False"
"ciiu.6614",6614,"Actividades de las casas de cambio",,,"ciiu.661",,"False","True","False"
"ciiu.6615",6615,"Actividades de los profesionales de compra y venta de divisas",,,"ciiu.661",,"False","True","False"
"ciiu.6619",6619,"Otras actividades auxiliares de las actividades de servicios financieros n.c.p.",,,"ciiu.661",,"False","True","False"
"ciiu.662",662,"Actividades de servicios auxiliares de los servicios de seguros y pensiones","ciiu.66",,,,"True","False","False"
"ciiu.6621",6621,"Actividades de agentes y corredores de seguros",,,"ciiu.662",,"False","True","False"
"ciiu.6629",6629,"Evaluación de riesgos y daños, y otras actividades de servicios auxiliares",,,"ciiu.662",,"False","True","False"
"ciiu.663",663,"Actividades de administración de fondos","ciiu.66",,,,"True","False","False"
"ciiu.6630",6630,"Actividades de administración de fondos",,,"ciiu.663",,"False","True","False"
"ciiu.12","SECCIÓN L","ACTIVIDADES INMOBILIARIAS",,,,,"False","False","False"
"ciiu.120",120,"Elaboración de productos de tabaco","ciiu.12",,,,"True","False","False"
"ciiu.1200",1200,"Elaboración de productos de tabaco",,,"ciiu.120",,"False","True","False"
"ciiu.68",68,"Actividades inmobiliarias",,,,"ciiu.12","False","False","True"
"ciiu.681",681,"Actividades inmobiliarias realizadas con bienes propios o arrendados","ciiu.68",,,,"True","False","False"
"ciiu.6810",6810,"Actividades inmobiliarias realizadas con bienes propios o arrendados",,,"ciiu.681",,"False","True","False"
"ciiu.682",682,"Actividades inmobiliarias realizadas a cambio de una retribución o por contrata ","ciiu.68",,,,"True","False","False"
"ciiu.6820",6820,"Actividades inmobiliarias realizadas a cambio de una retribución o por contrata ",,,"ciiu.682",,"False","True","False"
"ciiu.13","SECCIÓN M","ACTIVIDADES PROFESIONALES, CIENTÍFICAS Y TÉCNICAS",,,,,"False","False","False"
"ciiu.131",131,"Preparación, hilatura, tejeduría y acabado de productos textiles","ciiu.13",,,,"True","False","False"
"ciiu.1311",1311,"Preparación e hilatura de fibras textiles",,,"ciiu.131",,"False","True","False"
"ciiu.1312",1312,"Tejeduría de productos textiles",,,"ciiu.131",,"False","True","False"
"ciiu.1313",1313,"Acabado de productos textiles",,,"ciiu.131",,"False","True","False"
"ciiu.139",139,"Fabricación de otros productos textiles","ciiu.13",,,,"True","False","False"
"ciiu.1391",1391,"Fabricación de tejidos de punto y ganchillo",,,"ciiu.139",,"False","True","False"
"ciiu.1392",1392,"Confección de artículos con materiales textiles, excepto prendas de vestir",,,"ciiu.139",,"False","True","False"
"ciiu.1393",1393,"Fabricación de tapetes y alfombras para pisos",,,"ciiu.139",,"False","True","False"
"ciiu.1394",1394,"Fabricación de cuerdas, cordeles, cables, bramantes y redes",,,"ciiu.139",,"False","True","False"
"ciiu.1399",1399,"Fabricación de otros artículos textiles n.c.p.",,,"ciiu.139",,"False","True","False"
"ciiu.69",69,"Actividades jurídicas y de contabilidad",,,,"ciiu.13","False","False","True"
"ciiu.691",691,"Actividades jurídicas","ciiu.69",,,,"True","False","False"
"ciiu.6910",6910,"Actividades jurídicas",,,"ciiu.691",,"False","True","False"
"ciiu.692",692,"Actividades de contabilidad, teneduría de libros, auditoría financiera y asesoría tributaria","ciiu.69",,,,"True","False","False"
"ciiu.6920",6920,"Actividades de contabilidad, teneduría de libros, auditoría financiera y asesoría tributaria",,,"ciiu.692",,"False","True","False"
"ciiu.70",70,"Actividades de administración empresarial; actividades de consultoría de gestión",,,,"ciiu.13","False","False","True"
"ciiu.701",701,"Actividades de administración empresarial","ciiu.70",,,,"True","False","False"
"ciiu.7010",7010,"Actividades de administración empresarial",,,"ciiu.701",,"False","True","False"
"ciiu.702",702,"Actividades de consultaría de gestión","ciiu.70",,,,"True","False","False"
"ciiu.7020",7020,"Actividades de consultaría de gestión",,,"ciiu.702",,"False","True","False"
"ciiu.71",71,"Actividades de arquitectura e ingeniería; ensayos y análisis técnicos",,,,"ciiu.13","False","False","True"
"ciiu.711",711,"Actividades de arquitectura e ingeniería y otras actividades conexas de consultoría técnica","ciiu.71",,,,"True","False","False"
"ciiu.7110",7110,"Actividades de arquitectura e ingeniería y otras actividades conexas de consultoría técnica",,,"ciiu.711",,"False","True","False"
"ciiu.712",712,"Ensayos y análisis técnicos","ciiu.71",,,,"True","False","False"
"ciiu.7120",7120,"Ensayos y análisis técnicos",,,"ciiu.712",,"False","True","False"
"ciiu.72",72,"Investigación científica y desarrollo",,,,"ciiu.13","False","False","True"
"ciiu.721",721,"Investigaciones y desarrollo experimental en el campo de las ciencias naturales y la ingeniería ","ciiu.72",,,,"True","False","False"
"ciiu.7210",7210,"Investigaciones y desarrollo experimental en el campo de las ciencias naturales y la ingeniería ",,,"ciiu.721",,"False","True","False"
"ciiu.722",722,"Investigaciones y desarrollo experimental en el campo de las ciencias sociales y las humanidades","ciiu.72",,,,"True","False","False"
"ciiu.7220",7220,"Investigaciones y desarrollo experimental en el campo de las ciencias sociales y las humanidades",,,"ciiu.722",,"False","True","False"
"ciiu.73",73,"Publicidad y estudios de mercado",,,,"ciiu.13","False","False","True"
"ciiu.731",731,"Publicidad","ciiu.73",,,,"True","False","False"
"ciiu.7310",7310,"Publicidad",,,"ciiu.731",,"False","True","False"
"ciiu.732",732,"Estudios de mercado y realización de encuestas de opinión pública","ciiu.73",,,,"True","False","False"
"ciiu.7320",7320,"Estudios de mercado y realización de encuestas de opinión pública",,,"ciiu.732",,"False","True","False"
"ciiu.74",74,"Otras actividades profesionales, científicas y técnicas",,,,"ciiu.13","False","False","True"
"ciiu.741",741,"Actividades especializadas de diseño ","ciiu.74",,,,"True","False","False"
"ciiu.7410",7410,"Actividades especializadas de diseño ",,,"ciiu.741",,"False","True","False"
"ciiu.742",742,"Actividades de fotografía","ciiu.74",,,,"True","False","False"
"ciiu.7420",7420,"Actividades de fotografía",,,"ciiu.742",,"False","True","False"
"ciiu.749",749,"Otras actividades profesionales, científicas y técnicas n.c.p.","ciiu.74",,,,"True","False","False"
"ciiu.7490",7490,"Otras actividades profesionales, científicas y técnicas n.c.p.",,,"ciiu.749",,"False","True","False"
"ciiu.75",75,"Actividades veterinarias",,,,"ciiu.13","False","False","True"
"ciiu.750",750,"Actividades veterinarias","ciiu.75",,,,"True","False","False"
"ciiu.7500",7500,"Actividades veterinarias",,,"ciiu.750",,"False","True","False"
"ciiu.14","SECCIÓN N","ACTIVIDADES DE SERVICIOS ADMINISTRATIVOS Y DE APOYO",,,,,"False","False","False"
"ciiu.141",141,"Confección de prendas de vestir, excepto prendas de piel","ciiu.14",,,,"True","False","False"
"ciiu.1410",1410,"Confección de prendas de vestir, excepto prendas de piel",,,"ciiu.141",,"False","True","False"
"ciiu.142",142,"Fabricación de artículos de piel","ciiu.14",,,,"True","False","False"
"ciiu.1420",1420,"Fabricación de artículos de piel",,,"ciiu.142",,"False","True","False"
"ciiu.143",143,"Fabricación de artículos de punto y ganchillo","ciiu.14",,,,"True","False","False"
"ciiu.1430",1430,"Fabricación de artículos de punto y ganchillo",,,"ciiu.143",,"False","True","False"
"ciiu.77",77,"Actividades de alquiler y arrendamiento",,,,"ciiu.14","False","False","True"
"ciiu.771",771,"Alquiler y arrendamiento de vehículos automotores","ciiu.77",,,,"True","False","False"
"ciiu.7710",7710,"Alquiler y arrendamiento de vehículos automotores",,,"ciiu.771",,"False","True","False"
"ciiu.772",772,"Alquiler y arrendamiento de efectos personales y enseres domésticos","ciiu.77",,,,"True","False","False"
"ciiu.7721",7721,"Alquiler y arrendamiento de equipo recreativo y deportivo",,,"ciiu.772",,"False","True","False"
"ciiu.7722",7722,"Alquiler de videos y discos ",,,"ciiu.772",,"False","True","False"
"ciiu.7729",7729,"Alquiler y arrendamiento de otros efectos personales y enseres domésticos n.c.p.",,,"ciiu.772",,"False","True","False"
"ciiu.773",773,"Alquiler y arrendamiento de otros tipos de maquinaria, equipo y bienes tangibles n.c.p.","ciiu.77",,,,"True","False","False"
"ciiu.7730",7730,"Alquiler y arrendamiento de otros tipos de maquinaria, equipo y bienes tangibles n.c.p.",,,"ciiu.773",,"False","True","False"
"ciiu.774",774,"Arrendamiento de propiedad intelectual y productos similares, excepto obras protegidas por derechos de autor","ciiu.77",,,,"True","False","False"
"ciiu.7740",7740,"Arrendamiento de propiedad intelectual y productos similares, excepto obras protegidas por derechos de autor",,,"ciiu.774",,"False","True","False"
"ciiu.78",78,"Actividades de empleo",,,,"ciiu.14","False","False","True"
"ciiu.781",781,"Actividades de agencias de empleo","ciiu.78",,,,"True","False","False"
"ciiu.7810",7810,"Actividades de agencias de empleo",,,"ciiu.781",,"False","True","False"
"ciiu.782",782,"Actividades de agencias de empleo temporal","ciiu.78",,,,"True","False","False"
"ciiu.7820",7820,"Actividades de agencias de empleo temporal",,,"ciiu.782",,"False","True","False"
"ciiu.783",783,"Otras actividades de suministro de recurso humano","ciiu.78",,,,"True","False","False"
"ciiu.7830",7830,"Otras actividades de suministro de recurso humano",,,"ciiu.783",,"False","True","False"
"ciiu.79",79,"Actividades de las agencias de viajes, operadores turísticos, servicios de reserva y actividades relacionadas",,,,"ciiu.14","False","False","True"
"ciiu.791",791,"Actividades de las agencias de viajes y operadores turísticos","ciiu.79",,,,"True","False","False"
"ciiu.7911",7911,"Actividades de las agencias de viaje",,,"ciiu.791",,"False","True","False"
"ciiu.7912",7912,"Actividades de operadores turísticos",,,"ciiu.791",,"False","True","False"
"ciiu.799",799,"Otros servicios de reserva y actividades relacionadas","ciiu.79",,,,"True","False","False"
"ciiu.7990",7990,"Otros servicios de reserva y actividades relacionadas",,,"ciiu.799",,"False","True","False"
"ciiu.80",80,"Actividades de seguridad e investigación privada",,,,"ciiu.14","False","False","True"
"ciiu.801",801,"Actividades de seguridad privada","ciiu.80",,,,"True","False","False"
"ciiu.8010",8010,"Actividades de seguridad privada",,,"ciiu.801",,"False","True","False"
"ciiu.802",802,"Actividades de servicios de sistemas de seguridad","ciiu.80",,,,"True","False","False"
"ciiu.8020",8020,"Actividades de servicios de sistemas de seguridad",,,"ciiu.802",,"False","True","False"
"ciiu.803",803,"Actividades de detectives e investigadores privados","ciiu.80",,,,"True","False","False"
"ciiu.8030",8030,"Actividades de detectives e investigadores privados",,,"ciiu.803",,"False","True","False"
"ciiu.81",81,"Actividades de servicios a edificios y paisajismo (jardines, zonas verdes)",,,,"ciiu.14","False","False","True"
"ciiu.811",811,"Actividades combinadas de apoyo a instalaciones","ciiu.81",,,,"True","False","False"
"ciiu.8110",8110,"Actividades combinadas de apoyo a instalaciones",,,"ciiu.811",,"False","True","False"
"ciiu.812",812,"Actividades de limpieza","ciiu.81",,,,"True","False","False"
"ciiu.8121",8121,"Limpieza general interior de edificios",,,"ciiu.812",,"False","True","False"
"ciiu.8129",8129,"Otras actividades de limpieza de edificios e instalaciones industriales",,,"ciiu.812",,"False","True","False"
"ciiu.813",813,"Actividades de paisajismo y servicios de mantenimiento conexos","ciiu.81",,,,"True","False","False"
"ciiu.8130",8130,"Actividades de paisajismo y servicios de mantenimiento conexos",,,"ciiu.813",,"False","True","False"
"ciiu.82",82,"Actividades administrativas y de apoyo de oficina y otras actividades de apoyo a las empresas",,,,"ciiu.14","False","False","True"
"ciiu.821",821,"Actividades administrativas y de apoyo de oficina","ciiu.82",,,,"True","False","False"
"ciiu.8211",8211,"Actividades combinadas de servicios administrativos de oficina",,,"ciiu.821",,"False","True","False"
"ciiu.8219",8219,"Fotocopiado, preparación de documentos y otras actividades especializadas de apoyo a oficina",,,"ciiu.821",,"False","True","False"
"ciiu.822",822,"Actividades de centros de llamadas (Call center)","ciiu.82",,,,"True","False","False"
"ciiu.8220",8220,"Actividades de centros de llamadas (Call center)",,,"ciiu.822",,"False","True","False"
"ciiu.823",823,"Organización de convenciones y eventos comerciales","ciiu.82",,,,"True","False","False"
"ciiu.8230",8230,"Organización de convenciones y eventos comerciales",,,"ciiu.823",,"False","True","False"
"ciiu.829",829,"Actividades de servicios de apoyo a las empresas n.c.p.","ciiu.82",,,,"True","False","False"
"ciiu.8291",8291,"Actividades de agencias de cobranza y oficinas de calificación crediticia",,,"ciiu.829",,"False","True","False"
"ciiu.8292",8292,"Actividades de envase y empaque",,,"ciiu.829",,"False","True","False"
"ciiu.8299",8299,"Otras actividades de servicio de apoyo a las empresas n.c.p.",,,"ciiu.829",,"False","True","False"
"ciiu.15","SECCIÓN O","ADMINISTRACIÓN PÚBLICA Y DEFENSA; PLANES DE SEGURIDAD SOCIAL DE AFILIACIÓN OBLIGATORIA",,,,,"False","False","False"
"ciiu.151",151,"Curtido y recurtido de cueros; fabricación de artículos de viaje, bolsos de mano y artículos similares, y fabricación de artículos de talabartería y guarnicionería, adobo y teñido de pieles","ciiu.15",,,,"True","False","False"
"ciiu.1511",1511,"Curtido y recurtido de cueros; recurtido y teñido de pieles",,,"ciiu.151",,"False","True","False"
"ciiu.1512",1512,"Fabricación de artículos de viaje, bolsos de mano y artículos similares elaborados en cuero, y fabricación de artículos de talabartería y guarnicionería",,,"ciiu.151",,"False","True","False"
"ciiu.1513",1513,"Fabricación de artículos de viaje, bolsos de mano y artículos similares; artículos de talabartería y guarnicionería elaborados en otros materiales",,,"ciiu.151",,"False","True","False"
"ciiu.152",152,"Fabricación de calzado","ciiu.15",,,,"True","False","False"
"ciiu.1521",1521,"Fabricación de calzado de cuero y piel, con cualquier tipo de suela",,,"ciiu.152",,"False","True","False"
"ciiu.1522",1522,"Fabricación de otros tipos de calzado, excepto calzado de cuero y piel",,,"ciiu.152",,"False","True","False"
"ciiu.1523",1523,"Fabricación de partes del calzado",,,"ciiu.152",,"False","True","False"
"ciiu.84",84,"Administración pública y defensa; planes de seguridad social de afiliación obligatoria",,,,"ciiu.15","False","False","True"
"ciiu.841",841,"Administración del Estado y aplicación de la política económica y social de la comunidad","ciiu.84",,,,"True","False","False"
"ciiu.8411",8411,"Actividades legislativas de la administración pública",,,"ciiu.841",,"False","True","False"
"ciiu.8412",8412,"Actividades ejecutivas de la administración pública",,,"ciiu.841",,"False","True","False"
"ciiu.8413",8413,"Regulación de las actividades de organismos que prestan servicios de salud, educativos, culturales y otros servicios sociales, excepto servicios de seguridad social ",,,"ciiu.841",,"False","True","False"
"ciiu.8414",8414,"Actividades reguladoras y facilitadoras de la actividad económica",,,"ciiu.841",,"False","True","False"
"ciiu.8415",8415,"Actividades de los otros órganos de control",,,"ciiu.841",,"False","True","False"
"ciiu.842",842,"Prestación de servicios a la comunidad en general","ciiu.84",,,,"True","False","False"
"ciiu.8421",8421,"Relaciones exteriores ",,,"ciiu.842",,"False","True","False"
"ciiu.8422",8422,"Actividades de defensa",,,"ciiu.842",,"False","True","False"
"ciiu.8423",8423,"Orden público y actividades de seguridad",,,"ciiu.842",,"False","True","False"
"ciiu.8424",8424,"Administración de justicia",,,"ciiu.842",,"False","True","False"
"ciiu.843",843,"Actividades de planes de seguridad social de afiliación obligatoria","ciiu.84",,,,"True","False","False"
"ciiu.8430",8430,"Actividades de planes de seguridad social de afiliación obligatoria",,,"ciiu.843",,"False","True","False"
"ciiu.16","SECCIÓN P","EDUCACIÓN",,,,,"False","False","False"
"ciiu.161",161,"Aserrado, acepillado e impregnación de la madera","ciiu.16",,,,"True","False","False"
"ciiu.1610",1610,"Aserrado, acepillado e impregnación de la madera",,,"ciiu.161",,"False","True","False"
"ciiu.162",162,"Fabricación de hojas de madera para enchapado; fabricación de tableros contrachapados, tableros laminados, tableros de partículas y otros tableros y paneles","ciiu.16",,,,"True","False","False"
"ciiu.1620",1620,"Fabricación de hojas de madera para enchapado; fabricación de tableros contrachapados, tableros laminados, tableros de partículas y otros tableros y paneles",,,"ciiu.162",,"False","True","False"
"ciiu.163",163,"Fabricación de partes y piezas de madera, de carpintería y ebanistería para la construcción","ciiu.16",,,,"True","False","False"
"ciiu.1630",1630,"Fabricación de partes y piezas de madera, de carpintería y ebanistería para la construcción",,,"ciiu.163",,"False","True","False"
"ciiu.164",164,"Fabricación de recipientes de madera","ciiu.16",,,,"True","False","False"
"ciiu.1640",1640,"Fabricación de recipientes de madera",,,"ciiu.164",,"False","True","False"
"ciiu.169",169,"Fabricación de otros productos de madera; fabricación de artículos de corcho, cestería y espartería","ciiu.16",,,,"True","False","False"
"ciiu.1690",1690,"Fabricación de otros productos de madera; fabricación de artículos de corcho, cestería y espartería",,,"ciiu.169",,"False","True","False"
"ciiu.85",85,"Educación",,,,"ciiu.16","False","False","True"
"ciiu.851",851,"Educación de la primera infancia, preescolar y básica primaria","ciiu.85",,,,"True","False","False"
"ciiu.8511",8511,"Educación de la primera infancia",,,"ciiu.851",,"False","True","False"
"ciiu.8512",8512,"Educación preescolar",,,"ciiu.851",,"False","True","False"
"ciiu.8513",8513,"Educación básica primaria",,,"ciiu.851",,"False","True","False"
"ciiu.852",852,"Educación secundaria y de formación laboral","ciiu.85",,,,"True","False","False"
"ciiu.8521",8521,"Educación básica secundaria ",,,"ciiu.852",,"False","True","False"
"ciiu.8522",8522,"Educación media académica",,,"ciiu.852",,"False","True","False"
"ciiu.8523",8523,"Educación media técnica y de formación laboral",,,"ciiu.852",,"False","True","False"
"ciiu.853",853,"Establecimientos que combinan diferentes niveles de educación ","ciiu.85",,,,"True","False","False"
"ciiu.8530",8530,"Establecimientos que combinan diferentes niveles de educación ",,,"ciiu.853",,"False","True","False"
"ciiu.854",854,"Educación superior","ciiu.85",,,,"True","False","False"
"ciiu.8541",8541,"Educación técnica profesional",,,"ciiu.854",,"False","True","False"
"ciiu.8542",8542,"Educación tecnológica",,,"ciiu.854",,"False","True","False"
"ciiu.8543",8543,"Educación de instituciones universitarias o de escuelas tecnológicas",,,"ciiu.854",,"False","True","False"
"ciiu.8544",8544,"Educación de universidades",,,"ciiu.854",,"False","True","False"
"ciiu.855",855,"Otros tipos de educación","ciiu.85",,,,"True","False","False"
"ciiu.8551",8551,"Formación académica no formal ",,,"ciiu.855",,"False","True","False"
"ciiu.8552",8552,"Enseñanza deportiva y recreativa",,,"ciiu.855",,"False","True","False"
"ciiu.8553",8553,"Enseñanza cultural",,,"ciiu.855",,"False","True","False"
"ciiu.8559",8559,"Otros tipos de educación n.c.p.",,,"ciiu.855",,"False","True","False"
"ciiu.856",856,"Actividades de apoyo a la educación","ciiu.85",,,,"True","False","False"
"ciiu.8560",8560,"Actividades de apoyo a la educación",,,"ciiu.856",,"False","True","False"
"ciiu.17","SECCIÓN Q","ACTIVIDADES DE ATENCIÓN DE LA SALUD HUMANA Y DE ASISTENCIA SOCIAL",,,,,"False","False","False"
"ciiu.170",170,"Fabricación de papel, cartón y productos de papel y cartón","ciiu.17",,,,"True","False","False"
"ciiu.1701",1701,"Fabricación de pulpas (pastas) celulósicas; papel y cartón",,,"ciiu.170",,"False","True","False"
"ciiu.1702",1702,"Fabricación de papel y cartón ondulado (corrugado); fabricación de envases, empaques y de embalajes de papel y cartón.",,,"ciiu.170",,"False","True","False"
"ciiu.1709",1709,"Fabricación de otros artículos de papel y cartón",,,"ciiu.170",,"False","True","False"
"ciiu.86",86,"Actividades de atención de la salud humana",,,,"ciiu.17","False","False","True"
"ciiu.861",861,"Actividades de hospitales y clínicas, con internación","ciiu.86",,,,"True","False","False"
"ciiu.8610",8610,"Actividades de hospitales y clínicas, con internación",,,"ciiu.861",,"False","True","False"
"ciiu.862",862,"Actividades de práctica médica y odontológica, sin internación ","ciiu.86",,,,"True","False","False"
"ciiu.8621",8621,"Actividades de la práctica médica, sin internación",,,"ciiu.862",,"False","True","False"
"ciiu.8622",8622,"Actividades de la práctica odontológica",,,"ciiu.862",,"False","True","False"
"ciiu.869",869,"Otras actividades de atención relacionadas con la salud humana","ciiu.86",,,,"True","False","False"
"ciiu.8691",8691,"Actividades de apoyo diagnóstico",,,"ciiu.869",,"False","True","False"
"ciiu.8692",8692,"Actividades de apoyo terapéutico",,,"ciiu.869",,"False","True","False"
"ciiu.8699",8699,"Otras actividades de atención de la salud humana",,,"ciiu.869",,"False","True","False"
"ciiu.87",87,"Actividades de atención residencial medicalizada",,,,"ciiu.17","False","False","True"
"ciiu.871",871,"Actividades de atención residencial medicalizada de tipo general","ciiu.87",,,,"True","False","False"
"ciiu.8710",8710,"Actividades de atención residencial medicalizada de tipo general",,,"ciiu.871",,"False","True","False"
"ciiu.872",872,"Actividades de atención residencial, para el cuidado de pacientes con retardo mental, enfermedad mental y consumo de sustancias psicoactivas","ciiu.87",,,,"True","False","False"
"ciiu.8720",8720,"Actividades de atención residencial, para el cuidado de pacientes con retardo mental, enfermedad mental y consumo de sustancias psicoactivas",,,"ciiu.872",,"False","True","False"
"ciiu.873",873,"Actividades de atención en instituciones para el cuidado de personas mayores y/o discapacitadas","ciiu.87",,,,"True","False","False"
"ciiu.8730",8730,"Actividades de atención en instituciones para el cuidado de personas mayores y/o discapacitadas",,,"ciiu.873",,"False","True","False"
"ciiu.879",879,"Otras actividades de atención en instituciones con alojamiento","ciiu.87",,,,"True","False","False"
"ciiu.8790",8790,"Otras actividades de atención en instituciones con alojamiento",,,"ciiu.879",,"False","True","False"
"ciiu.88",88,"Actividades de asistencia social sin alojamiento",,,,"ciiu.17","False","False","True"
"ciiu.881",881,"Actividades de asistencia social sin alojamiento para personas mayores y discapacitadas","ciiu.88",,,,"True","False","False"
"ciiu.8810",8810,"Actividades de asistencia social sin alojamiento para personas mayores y discapacitadas",,,"ciiu.881",,"False","True","False"
"ciiu.889",889,"Otras actividades de asistencia social sin alojamiento","ciiu.88",,,,"True","False","False"
"ciiu.8890",8890,"Otras actividades de asistencia social sin alojamiento",,,"ciiu.889",,"False","True","False"
"ciiu.18","SECCIÓN R","ACTIVIDADES ARTÍSTICAS, DE ENTRETENIMIENTO Y RECREACIÓN",,,,,"False","False","False"
"ciiu.181",181,"Actividades de impresión y actividades de servicios relacionados con la impresión","ciiu.18",,,,"True","False","False"
"ciiu.1811",1811,"Actividades de impresión",,,"ciiu.181",,"False","True","False"
"ciiu.1812",1812,"Actividades de servicios relacionados con la impresión",,,"ciiu.181",,"False","True","False"
"ciiu.182",182,"Producción de copias a partir de grabaciones originales ","ciiu.18",,,,"True","False","False"
"ciiu.1820",1820,"Producción de copias a partir de grabaciones originales ",,,"ciiu.182",,"False","True","False"
"ciiu.90",90,"Actividades creativas, artísticas y de entretenimiento",,,,"ciiu.18","False","False","True"
"ciiu.900",900,"Actividades creativas, artísticas y de entretenimiento ","ciiu.90",,,,"True","False","False"
"ciiu.9001",9001,"Creación literaria",,,"ciiu.900",,"False","True","False"
"ciiu.9002",9002,"Creación musical",,,"ciiu.900",,"False","True","False"
"ciiu.9003",9003,"Creación teatral",,,"ciiu.900",,"False","True","False"
"ciiu.9004",9004,"Creación audiovisual",,,"ciiu.900",,"False","True","False"
"ciiu.9005",9005,"Artes plásticas y visuales",,,"ciiu.900",,"False","True","False"
"ciiu.9006",9006,"Actividades teatrales",,,"ciiu.900",,"False","True","False"
"ciiu.9007",9007,"Actividades de espectáculos musicales en vivo",,,"ciiu.900",,"False","True","False"
"ciiu.9008",9008,"Otras actividades de espectáculos en vivo",,,"ciiu.900",,"False","True","False"
"ciiu.91",91,"Actividades de bibliotecas, archivos, museos y otras actividades culturales",,,,"ciiu.18","False","False","True"
"ciiu.910",910,"Actividades de bibliotecas, archivos, museos y otras actividades culturales","ciiu.91",,,,"True","False","False"
"ciiu.9101",9101,"Actividades de bibliotecas y archivos",,,"ciiu.910",,"False","True","False"
"ciiu.9102",9102,"Actividades y funcionamiento de museos, conservación de edificios y sitios históricos",,,"ciiu.910",,"False","True","False"
"ciiu.9103",9103,"Actividades de jardines botánicos, zoológicos y reservas naturales",,,"ciiu.910",,"False","True","False"
"ciiu.92",92,"Actividades de juegos de azar y apuestas",,,,"ciiu.18","False","False","True"
"ciiu.920",920,"Actividades de juegos de azar y apuestas","ciiu.92",,,,"True","False","False"
"ciiu.9200",9200,"Actividades de juegos de azar y apuestas",,,"ciiu.920",,"False","True","False"
"ciiu.93",93,"Actividades deportivas y actividades recreativas y de esparcimiento",,,,"ciiu.18","False","False","True"
"ciiu.931",931,"Actividades deportivas","ciiu.93",,,,"True","False","False"
"ciiu.9311",9311,"Gestión de instalaciones deportivas",,,"ciiu.931",,"False","True","False"
"ciiu.9312",9312,"Actividades de clubes deportivos",,,"ciiu.931",,"False","True","False"
"ciiu.9319",9319,"Otras actividades deportivas",,,"ciiu.931",,"False","True","False"
"ciiu.932",932,"Otras actividades recreativas y de esparcimiento","ciiu.93",,,,"True","False","False"
"ciiu.9321",9321,"Actividades de parques de atracciones y parques temáticos",,,"ciiu.932",,"False","True","False"
"ciiu.9329",9329,"Otras actividades recreativas y de esparcimiento n.c.p.",,,"ciiu.932",,"False","True","False"
"ciiu.19","SECCIÓN S","OTRAS ACTIVIDADES DE SERVICIOS",,,,,"False","False","False"
"ciiu.191",191,"Fabricación de productos de hornos de coque","ciiu.19",,,,"True","False","False"
"ciiu.1910",1910,"Fabricación de productos de hornos de coque",,,"ciiu.191",,"False","True","False"
"ciiu.192",192,"Fabricación de productos de la refinación del petróleo","ciiu.19",,,,"True","False","False"
"ciiu.1921",1921,"Fabricación de productos de la refinación del petróleo",,,"ciiu.192",,"False","True","False"
"ciiu.1922",1922,"Actividad de mezcla de combustibles",,,"ciiu.192",,"False","True","False"
"ciiu.94",94,"Actividades de asociaciones",,,,"ciiu.19","False","False","True"
"ciiu.941",941,"Actividades de asociaciones empresariales y de empleadores, y asociaciones profesionales ","ciiu.94",,,,"True","False","False"
"ciiu.9411",9411,"Actividades de asociaciones empresariales y de empleadores",,,"ciiu.941",,"False","True","False"
"ciiu.9412",9412,"Actividades de asociaciones profesionales",,,"ciiu.941",,"False","True","False"
"ciiu.942",942,"Actividades de sindicatos de empleados","ciiu.94",,,,"True","False","False"
"ciiu.9420",9420,"Actividades de sindicatos de empleados",,,"ciiu.942",,"False","True","False"
"ciiu.949",949,"Actividades de otras asociaciones","ciiu.94",,,,"True","False","False"
"ciiu.9491",9491,"Actividades de asociaciones religiosas",,,"ciiu.949",,"False","True","False"
"ciiu.9492",9492,"Actividades de asociaciones políticas",,,"ciiu.949",,"False","True","False"
"ciiu.9499",9499,"Actividades de otras asociaciones n.c.p.",,,"ciiu.949",,"False","True","False"
"ciiu.95",95,"Mantenimiento y reparación de computadores, efectos personales y enseres domésticos",,,,"ciiu.19","False","False","True"
"ciiu.951",951,"Mantenimiento y reparación de computadores y equipo de comunicaciones","ciiu.95",,,,"True","False","False"
"ciiu.9511",9511,"Mantenimiento y reparación de computadores y de equipo periférico",,,"ciiu.951",,"False","True","False"
"ciiu.9512",9512,"Mantenimiento y reparación de equipos de comunicación",,,"ciiu.951",,"False","True","False"
"ciiu.952",952,"Mantenimiento y reparación de efectos personales y enseres domésticos","ciiu.95",,,,"True","False","False"
"ciiu.9521",9521,"Mantenimiento y reparación de aparatos electrónicos de consumo",,,"ciiu.952",,"False","True","False"
"ciiu.9522",9522,"Mantenimiento y reparación de aparatos y equipos domésticos y de jardinería ",,,"ciiu.952",,"False","True","False"
"ciiu.9523",9523,"Reparación de calzado y artículos de cuero",,,"ciiu.952",,"False","True","False"
"ciiu.9524",9524,"Reparación de muebles y accesorios para el hogar",,,"ciiu.952",,"False","True","False"
"ciiu.9529",9529,"Mantenimiento y reparación de otros efectos personales y enseres domésticos",,,"ciiu.952",,"False","True","False"
"ciiu.96",96,"Otras actividades de servicios personales",,,,"ciiu.19","False","False","True"
"ciiu.960",960,"Otras actividades de servicios personales","ciiu.96",,,,"True","False","False"
"ciiu.9601",9601,"Lavado y limpieza, incluso la limpieza en seco, de productos textiles y de piel",,,"ciiu.960",,"False","True","False"
"ciiu.9602",9602,"Peluquería y otros tratamientos de belleza",,,"ciiu.960",,"False","True","False"
"ciiu.9603",9603,"Pompas fúnebres y actividades relacionadas",,,"ciiu.960",,"False","True","False"
"ciiu.9609",9609,"Otras actividades de servicios personales n.c.p.",,,"ciiu.960",,"False","True","False"
"ciiu.20","SECCIÓN T","ACTIVIDADES DE LOS HOGARES INDIVIDUALES EN CALIDAD DE EMPLEADORES; ACTIVIDADES NO DIFERENCIADAS DE LOS HOGARES INDIVIDUALES COMO PRODUCTORES DE BIENES Y SERVICIOS PARA USO PROPIO",,,,,"False","False","False"
"ciiu.201",201,"Fabricación de sustancias químicas básicas, abonos y compuestos inorgánicos nitrogenados, plásticos y caucho sintético en formas primarias","ciiu.20",,,,"True","False","False"
"ciiu.2011",2011,"Fabricación de sustancias y productos químicos básicos",,,"ciiu.201",,"False","True","False"
"ciiu.2012",2012,"Fabricación de abonos y compuestos inorgánicos nitrogenados",,,"ciiu.201",,"False","True","False"
"ciiu.2013",2013,"Fabricación de plásticos en formas primarias",,,"ciiu.201",,"False","True","False"
"ciiu.2014",2014,"Fabricación de caucho sintético en formas primarias",,,"ciiu.201",,"False","True","False"
"ciiu.202",202,"Fabricación de otros productos químicos","ciiu.20",,,,"True","False","False"
"ciiu.2021",2021,"Fabricación de plaguicidas y otros productos químicos de uso agropecuario",,,"ciiu.202",,"False","True","False"
"ciiu.2022",2022,"Fabricación de pinturas, barnices y revestimientos similares, tintas para impresión y masillas",,,"ciiu.202",,"False","True","False"
"ciiu.2023",2023,"Fabricación de jabones y detergentes, preparados para limpiar y pulir; perfumes y preparados de tocador",,,"ciiu.202",,"False","True","False"
"ciiu.2029",2029,"Fabricación de otros productos químicos n.c.p.",,,"ciiu.202",,"False","True","False"
"ciiu.203",203,"Fabricación de fibras sintéticas y artificiales","ciiu.20",,,,"True","False","False"
"ciiu.2030",2030,"Fabricación de fibras sintéticas y artificiales",,,"ciiu.203",,"False","True","False"
"ciiu.97",97,"Actividades de los hogares individuales como empleadores de personal doméstico",,,,"ciiu.20","False","False","True"
"ciiu.970",970,"Actividades de los hogares individuales como empleadores de personal doméstico","ciiu.97",,,,"True","False","False"
"ciiu.9700",9700,"Actividades de los hogares individuales como empleadores de personal doméstico",,,"ciiu.970",,"False","True","False"
"ciiu.98",98,"Actividades no diferenciadas de los hogares individuales como productores de bienes y servicios para uso propio",,,,"ciiu.20","False","False","True"
"ciiu.981",981,"Actividades no diferenciadas de los hogares individuales como productores de bienes para uso propio","ciiu.98",,,,"True","False","False"
"ciiu.9810",9810,"Actividades no diferenciadas de los hogares individuales como productores de bienes para uso propio",,,"ciiu.981",,"False","True","False"
"ciiu.982",982,"Actividades no diferenciadas de los hogares individuales como productores de servicios para uso propio","ciiu.98",,,,"True","False","False"
"ciiu.9820",9820,"Actividades no diferenciadas de los hogares individuales como productores de servicios para uso propio",,,"ciiu.982",,"False","True","False"
"ciiu.21","SECCIÓN U","ACTIVIDADES DE ORGANIZACIONES Y ENTIDADES EXTRATERRITORIALES ",,,,,"False","False","False"
"ciiu.210",210,"Fabricación de productos farmacéuticos, sustancias químicas medicinales y productos botánicos de uso farmacéutico","ciiu.21",,,,"True","False","False"
"ciiu.2100",2100,"Fabricación de productos farmacéuticos, sustancias químicas medicinales y productos botánicos de uso farmacéutico",,,"ciiu.210",,"False","True","False"
"ciiu.99",99,"Actividades de organizaciones y entidades extraterritoriales",,,,"ciiu.21","False","False","True"
"ciiu.990",990,"Actividades de organizaciones y entidades extraterritoriales","ciiu.99",,,,"True","False","False"
"ciiu.9900",9900,"Actividades de organizaciones y entidades extraterritoriales",,,,,"False","True","False"
